file,url,boxes,is_primary,Is there a face?,Hard to spot?_gt,Accident or design?_gt,Emotion?_gt,Person or creature?_gt,Gender?_gt,Amusing?_gt,Common?,Flags,num_boxes,train,split,image_path_gt,key,image_path_predfile,model,latency_ms,error,_raw,Hard to spot?_predfile,Accident or design?_predfile,Emotion?_predfile,Person or creature?_predfile,Gender?_predfile,Amusing?_predfile,image_path,Hard to spot?_gt_raw,Hard to spot?_pred_raw,Hard to spot?_gt_norm,Hard to spot?_pred_norm,Hard to spot?_is_valid,Hard to spot?_pred,Accident or design?_gt_raw,Accident or design?_pred_raw,Accident or design?_gt_norm,Accident or design?_pred_norm,Accident or design?_is_valid,Accident or design?_pred,Emotion?_gt_raw,Emotion?_pred_raw,Emotion?_gt_norm,Emotion?_pred_norm,Emotion?_is_valid,Emotion?_pred,Person or creature?_gt_raw,Person or creature?_pred_raw,Person or creature?_gt_norm,Person or creature?_pred_norm,Person or creature?_is_valid,Person or creature?_pred,Gender?_gt_raw,Gender?_pred_raw,Gender?_gt_norm,Gender?_pred_norm,Gender?_is_valid,Gender?_pred,Amusing?_gt_raw,Amusing?_pred_raw,Amusing?_gt_norm,Amusing?_pred_norm,Amusing?_is_valid,Amusing?_pred
000007038.jpg,https://raw.githubusercontent.com/3lbom/pareidolia/main/data/00000/000007038.jpg,"[[202.105, 160.975, 233.308, 190.05]]",[True],Yes,Hard,Accident,Neutral,Animal,Neutral,Somewhat,Uncommon,['Interesting'],1,False,3,000007038.jpg,000007038.jpg,,,,,,,,,,,,000007038.jpg,Hard,,Hard,,False,,Accident,,Accident,,False,,Neutral,,Neutral,,False,,Animal,,Animal,,False,,Neutral,,Neutral,,False,,Somewhat,,Somewhat,,False,
000018844.jpg,https://raw.githubusercontent.com/3lbom/pareidolia/main/data/00001/000018844.jpg,"[[138, 288, 83, 71]]",[True],Yes,Hard,Accident,Neutral,Human-Old,Male,No,Uncommon,,1,True,0,000018844.jpg,000018844.jpg,,,,,,,,,,,,000018844.jpg,Hard,,Hard,,False,,Accident,,Accident,,False,,Neutral,,Neutral,,False,,Human-Old,,Human-Old,,False,,Male,,Male,,False,,No,,No,,False,
000026283.jpg,https://raw.githubusercontent.com/3lbom/pareidolia/main/data/00002/000026283.jpg,"[[268, 315, 16, 26], [316, 266, 21, 17]]","[False, True]",Several,Easy,Design,Neutral,Cartoon,Neutral,No,Uncommon,['Interesting'],2,False,1,000026283.jpg,000026283.jpg,,,,,,,,,,,,000026283.jpg,Easy,,Easy,,False,,Design,,Design,,False,,Neutral,,Neutral,,False,,Cartoon,,Cartoon,,False,,Neutral,,Neutral,,False,,No,,No,,False,
000020601.jpg,https://raw.githubusercontent.com/3lbom/pareidolia/main/data/00002/000020601.jpg,"[[229, 221, 90, 87]]",[True],Yes,Easy,,Sad,Cartoon,Neutral,No,Common,['NSFW'],1,True,1,000020601.jpg,000020601.jpg,,,,,,,,,,,,000020601.jpg,Easy,,Easy,,False,,,,,,False,,Sad,,Sad,,False,,Cartoon,,Cartoon,,False,,Neutral,,Neutral,,False,,No,,No,,False,
000020510.jpg,https://raw.githubusercontent.com/3lbom/pareidolia/main/data/00002/000020510.jpg,"[[77, 203, 103, 92], [323, 326, 118, 100], [334, 198, 116, 95], [329, 86, 107, 90]]","[True, False, False, False]",Several,Easy,Design,Happy,Cartoon,Neutral,No,Common,,4,True,2,000020510.jpg,000020510.jpg,,,,,,,,,,,,000020510.jpg,Easy,,Easy,,False,,Design,,Design,,False,,Happy,,Happy,,False,,Cartoon,,Cartoon,,False,,Neutral,,Neutral,,False,,No,,No,,False,
000025668.jpg,https://raw.githubusercontent.com/3lbom/pareidolia/main/data/00002/000025668.jpg,"[[260, 126, 133, 197]]",[True],Yes,Medium,Accident,Neutral,Human-Adult,Neutral,No,Uncommon,,1,False,1,000025668.jpg,000025668.jpg,,,,,,,,,,,,000025668.jpg,Medium,,Medium,,False,,Accident,,Accident,,False,,Neutral,,Neutral,,False,,Human-Adult,,Human-Adult,,False,,Neutral,,Neutral,,False,,No,,No,,False,
000021539.jpg,https://raw.githubusercontent.com/3lbom/pareidolia/main/data/00002/000021539.jpg,"[[221, 137, 111, 151]]",[True],Yes,Medium,Accident,Neutral,Human-Adult,Male,No,Uncommon,,1,True,0,000021539.jpg,000021539.jpg,,,,,,,,,,,,000021539.jpg,Medium,,Medium,,False,,Accident,,Accident,,False,,Neutral,,Neutral,,False,,Human-Adult,,Human-Adult,,False,,Male,,Male,,False,,No,,No,,False,
000001944.jpg,https://raw.githubusercontent.com/3lbom/pareidolia/main/data/00000/000001944.jpg,"[[132, 191, 258, 115]]",[True],Yes,Easy,Design,Neutral,,Female,Somewhat,Common,,1,False,1,000001944.jpg,000001944.jpg,,,,,,,,,,,,000001944.jpg,Easy,,Easy,,False,,Design,,Design,,False,,Neutral,,Neutral,,False,,,,,,False,,Female,,Female,,False,,Somewhat,,Somewhat,,False,
000014815.jpg,https://raw.githubusercontent.com/3lbom/pareidolia/main/data/00001/000014815.jpg,"[[291, 213, 119, 75]]",[True],Yes,Easy,Accident,,Animal,Neutral,No,Common,['Interesting'],1,False,0,000014815.jpg,000014815.jpg,,,,,,,,,,,,000014815.jpg,Easy,,Easy,,False,,Accident,,Accident,,False,,,,,,False,,Animal,,Animal,,False,,Neutral,,Neutral,,False,,No,,No,,False,
000025426.jpg,https://raw.githubusercontent.com/3lbom/pareidolia/main/data/00002/000025426.jpg,"[[165, 168, 38, 72]]",[True],Yes,Easy,Accident,Neutral,Other,Neutral,No,Common,['NSFW'],1,True,1,000025426.jpg,000025426.jpg,,,,,,,,,,,,000025426.jpg,Easy,,Easy,,False,,Accident,,Accident,,False,,Neutral,,Neutral,,False,,Other,,Other,,False,,Neutral,,Neutral,,False,,No,,No,,False,
000005736.jpg,https://raw.githubusercontent.com/3lbom/pareidolia/main/data/00000/000005736.jpg,"[[323.368, 112.753, 136.865, 255.291]]",[True],Yes,Easy,Design,Neutral,Human-Adult,Male,Somewhat,Uncommon,['Interesting'],1,False,0,000005736.jpg,000005736.jpg,,,,,,,,,,,,000005736.jpg,Easy,,Easy,,False,,Design,,Design,,False,,Neutral,,Neutral,,False,,Human-Adult,,Human-Adult,,False,,Male,,Male,,False,,Somewhat,,Somewhat,,False,
000004308.jpg,https://raw.githubusercontent.com/3lbom/pareidolia/main/data/00000/000004308.jpg,"[[90, 259, 125, 123], [121, 117, 101, 90], [309, 108, 101, 80], [293, 239, 120, 111]]","[False, False, False, True]",Several,Easy,Design,Neutral,Cartoon,Neutral,No,Uncommon,['Interesting'],4,True,3,000004308.jpg,000004308.jpg,,,,,,,,,,,,000004308.jpg,Easy,,Easy,,False,,Design,,Design,,False,,Neutral,,Neutral,,False,,Cartoon,,Cartoon,,False,,Neutral,,Neutral,,False,,No,,No,,False,
000015457.jpg,https://raw.githubusercontent.com/3lbom/pareidolia/main/data/00001/000015457.jpg,"[[293, 234, 166, 117], [123, 330, 162, 114]]","[True, False]",Several,Easy,Design,Happy,Other,Neutral,No,Common,,2,True,2,000015457.jpg,000015457.jpg,,,,,,,,,,,,000015457.jpg,Easy,,Easy,,False,,Design,,Design,,False,,Happy,,Happy,,False,,Other,,Other,,False,,Neutral,,Neutral,,False,,No,,No,,False,
000000575.jpg,https://raw.githubusercontent.com/3lbom/pareidolia/main/data/00000/000000575.jpg,"[[133, 98, 227, 183]]",[True],Yes,Medium,Accident,Surprised,Robot,Neutral,No,Common,,1,True,3,000000575.jpg,000000575.jpg,/mnt/mahdipou/test/FacesInThings/images/000000575.jpg,qwen2.5vl,35871.0,no_face,no face,,,,,,,/mnt/mahdipou/test/FacesInThings/images/000000575.jpg,Medium,,Medium,,False,,Accident,,Accident,,False,,Surprised,,Surprised,,False,,Robot,,Robot,,False,,Neutral,,Neutral,,False,,No,,No,,False,
000021730.jpg,https://raw.githubusercontent.com/3lbom/pareidolia/main/data/00002/000021730.jpg,"[[138, 66, 266, 186]]",[True],Yes,Medium,Accident,Neutral,Alien,Neutral,No,Uncommon,,1,True,2,000021730.jpg,000021730.jpg,,,,,,,,,,,,000021730.jpg,Medium,,Medium,,False,,Accident,,Accident,,False,,Neutral,,Neutral,,False,,Alien,,Alien,,False,,Neutral,,Neutral,,False,,No,,No,,False,
000017095.jpg,https://raw.githubusercontent.com/3lbom/pareidolia/main/data/00001/000017095.jpg,"[[212, 165, 75, 70]]",[True],Yes,Easy,Accident,Neutral,Other,Neutral,No,Common,['Interesting'],1,False,2,000017095.jpg,000017095.jpg,,,,,,,,,,,,000017095.jpg,Easy,,Easy,,False,,Accident,,Accident,,False,,Neutral,,Neutral,,False,,Other,,Other,,False,,Neutral,,Neutral,,False,,No,,No,,False,
000006307.jpg,https://raw.githubusercontent.com/3lbom/pareidolia/main/data/00000/000006307.jpg,"[[146.083, 166.648, 188.632, 271.601]]",[True],Yes,Medium,Design,Neutral,Human-Old,Male,Somewhat,Uncommon,['Interesting'],1,False,0,000006307.jpg,000006307.jpg,,,,,,,,,,,,000006307.jpg,Medium,,Medium,,False,,Design,,Design,,False,,Neutral,,Neutral,,False,,Human-Old,,Human-Old,,False,,Male,,Male,,False,,Somewhat,,Somewhat,,False,
000021518.jpg,https://raw.githubusercontent.com/3lbom/pareidolia/main/data/00002/000021518.jpg,"[[162, 212, 89, 81]]",[True],Yes,Easy,Design,Neutral,Cartoon,Neutral,No,Uncommon,['Interesting'],1,True,3,000021518.jpg,000021518.jpg,,,,,,,,,,,,000021518.jpg,Easy,,Easy,,False,,Design,,Design,,False,,Neutral,,Neutral,,False,,Cartoon,,Cartoon,,False,,Neutral,,Neutral,,False,,No,,No,,False,
000007868.jpg,https://raw.githubusercontent.com/3lbom/pareidolia/main/data/00000/000007868.jpg,"[[254, 32, 258, 230], [14.183, 134.028, 250.327, 186.504]]","[False, True]",Yes,Easy,Design,Neutral,Alien,Neutral,No,,,2,True,2,000007868.jpg,000007868.jpg,,,,,,,,,,,,000007868.jpg,Easy,,Easy,,False,,Design,,Design,,False,,Neutral,,Neutral,,False,,Alien,,Alien,,False,,Neutral,,Neutral,,False,,No,,No,,False,
000000102.jpg,https://raw.githubusercontent.com/3lbom/pareidolia/main/data/00000/000000102.jpg,"[[126, 94, 349, 322]]",[True],Yes,Hard,Accident,Neutral,Alien,Neutral,No,Uncommon,,1,True,2,000000102.jpg,000000102.jpg,/mnt/mahdipou/test/FacesInThings/images/000000102.jpg,qwen2.5vl,28056.0,no_face,no face,,,,,,,/mnt/mahdipou/test/FacesInThings/images/000000102.jpg,Hard,,Hard,,False,,Accident,,Accident,,False,,Neutral,,Neutral,,False,,Alien,,Alien,,False,,Neutral,,Neutral,,False,,No,,No,,False,
000007864.jpg,https://raw.githubusercontent.com/3lbom/pareidolia/main/data/00000/000007864.jpg,"[[285, 110, 221, 292], [7.091, 95.025, 229.053, 324.787]]","[False, True]",Yes,Easy,Accident,Sad,Animal,Neutral,Somewhat,Uncommon,['Interesting'],2,False,1,000007864.jpg,000007864.jpg,,,,,,,,,,,,000007864.jpg,Easy,,Easy,,False,,Accident,,Accident,,False,,Sad,,Sad,,False,,Animal,,Animal,,False,,Neutral,,Neutral,,False,,Somewhat,,Somewhat,,False,
000005917.jpg,https://raw.githubusercontent.com/3lbom/pareidolia/main/data/00000/000005917.jpg,"[[126.936, 82.26, 194.305, 315.568]]",[True],Yes,Easy,Design,Neutral,Human-Adult,Male,Yes,Uncommon,['Interesting'],1,True,0,000005917.jpg,000005917.jpg,,,,,,,,,,,,000005917.jpg,Easy,,Easy,,False,,Design,,Design,,False,,Neutral,,Neutral,,False,,Human-Adult,,Human-Adult,,False,,Male,,Male,,False,,Yes,,Yes,,False,
000003570.jpg,https://raw.githubusercontent.com/3lbom/pareidolia/main/data/00000/000003570.jpg,"[[281, 163, 91, 138]]",[True],Yes,Easy,Accident,Neutral,Human-Adult,Female,No,Common,['Interesting'],1,True,3,000003570.jpg,000003570.jpg,,,,,,,,,,,,000003570.jpg,Easy,,Easy,,False,,Accident,,Accident,,False,,Neutral,,Neutral,,False,,Human-Adult,,Human-Adult,,False,,Female,,Female,,False,,No,,No,,False,
000025618.jpg,https://raw.githubusercontent.com/3lbom/pareidolia/main/data/00002/000025618.jpg,"[[62, 275, 325, 156]]",[True],Yes,Easy,Accident,Happy,Robot,Neutral,No,Somewhat,,1,False,0,000025618.jpg,000025618.jpg,,,,,,,,,,,,000025618.jpg,Easy,,Easy,,False,,Accident,,Accident,,False,,Happy,,Happy,,False,,Robot,,Robot,,False,,Neutral,,Neutral,,False,,No,,No,,False,
000026944.jpg,https://raw.githubusercontent.com/3lbom/pareidolia/main/data/00002/000026944.jpg,"[[271, 146, 169, 249]]",[True],Yes,Medium,Accident,Angry,Other,Neutral,No,Common,,1,False,2,000026944.jpg,000026944.jpg,,,,,,,,,,,,000026944.jpg,Medium,,Medium,,False,,Accident,,Accident,,False,,Angry,,Angry,,False,,Other,,Other,,False,,Neutral,,Neutral,,False,,No,,No,,False,
000002615.jpg,https://raw.githubusercontent.com/3lbom/pareidolia/main/data/00000/000002615.jpg,"[[34, 110, 270, 227]]",[True],Yes,Easy,Accident,Other,Other,Neutral,No,Common,['Interesting'],1,True,1,000002615.jpg,000002615.jpg,,,,,,,,,,,,000002615.jpg,Easy,,Easy,,False,,Accident,,Accident,,False,,Other,,Other,,False,,Other,,Other,,False,,Neutral,,Neutral,,False,,No,,No,,False,
000018879.jpg,https://raw.githubusercontent.com/3lbom/pareidolia/main/data/00001/000018879.jpg,"[[234, 202, 79, 131]]",[True],Yes,Medium,Accident,Surprised,Alien,Neutral,No,Uncommon,,1,True,3,000018879.jpg,000018879.jpg,,,,,,,,,,,,000018879.jpg,Medium,,Medium,,False,,Accident,,Accident,,False,,Surprised,,Surprised,,False,,Alien,,Alien,,False,,Neutral,,Neutral,,False,,No,,No,,False,
000024238.jpg,https://raw.githubusercontent.com/3lbom/pareidolia/main/data/00002/000024238.jpg,"[[124, 165, 215, 219]]",[True],Yes,Hard,Accident,Neutral,Other,Neutral,No,Uncommon,,1,True,3,000024238.jpg,000024238.jpg,,,,,,,,,,,,000024238.jpg,Hard,,Hard,,False,,Accident,,Accident,,False,,Neutral,,Neutral,,False,,Other,,Other,,False,,Neutral,,Neutral,,False,,No,,No,,False,
000002520.jpg,https://raw.githubusercontent.com/3lbom/pareidolia/main/data/00000/000002520.jpg,"[[172, 171, 202, 162]]",[True],Yes,Easy,Design,Happy,Human-Young,Female,No,Common,,1,True,2,000002520.jpg,000002520.jpg,,,,,,,,,,,,000002520.jpg,Easy,,Easy,,False,,Design,,Design,,False,,Happy,,Happy,,False,,Human-Young,,Human-Young,,False,,Female,,Female,,False,,No,,No,,False,
000007550.jpg,https://raw.githubusercontent.com/3lbom/pareidolia/main/data/00000/000007550.jpg,"[[42.548, 207.069, 307.059, 163.103]]",[True],Yes,Medium,Accident,Happy,Robot,Neutral,Somewhat,Uncommon,['Interesting'],1,True,2,000007550.jpg,000007550.jpg,,,,,,,,,,,,000007550.jpg,Medium,,Medium,,False,,Accident,,Accident,,False,,Happy,,Happy,,False,,Robot,,Robot,,False,,Neutral,,Neutral,,False,,Somewhat,,Somewhat,,False,
000006604.jpg,https://raw.githubusercontent.com/3lbom/pareidolia/main/data/00000/000006604.jpg,"[[197.141, 131.9, 151.757, 99.28]]",[True],Yes,Easy,Design,Happy,Animal,Female,Yes,Somewhat,['Interesting'],1,True,0,000006604.jpg,000006604.jpg,,,,,,,,,,,,000006604.jpg,Easy,,Easy,,False,,Design,,Design,,False,,Happy,,Happy,,False,,Animal,,Animal,,False,,Female,,Female,,False,,Yes,,Yes,,False,
000023760.jpg,https://raw.githubusercontent.com/3lbom/pareidolia/main/data/00002/000023760.jpg,"[[71, 9, 342, 455]]",[True],Yes,Easy,Design,Neutral,Cartoon,Neutral,No,Uncommon,['Interesting'],1,False,1,000023760.jpg,000023760.jpg,,,,,,,,,,,,000023760.jpg,Easy,,Easy,,False,,Design,,Design,,False,,Neutral,,Neutral,,False,,Cartoon,,Cartoon,,False,,Neutral,,Neutral,,False,,No,,No,,False,
000022526.jpg,https://raw.githubusercontent.com/3lbom/pareidolia/main/data/00002/000022526.jpg,"[[224, 191, 105, 146]]",[True],Yes,Easy,Design,Neutral,Cartoon,Neutral,No,Uncommon,['Interesting'],1,True,0,000022526.jpg,000022526.jpg,,,,,,,,,,,,000022526.jpg,Easy,,Easy,,False,,Design,,Design,,False,,Neutral,,Neutral,,False,,Cartoon,,Cartoon,,False,,Neutral,,Neutral,,False,,No,,No,,False,
000006014.jpg,https://raw.githubusercontent.com/3lbom/pareidolia/main/data/00000/000006014.jpg,"[[187.922, 153.884, 73.751, 94.315]]",[True],Yes,Easy,Accident,Sad,Human-Adult,Neutral,Somewhat,Uncommon,['Interesting'],1,True,2,000006014.jpg,000006014.jpg,,,,,,,,,,,,000006014.jpg,Easy,,Easy,,False,,Accident,,Accident,,False,,Sad,,Sad,,False,,Human-Adult,,Human-Adult,,False,,Neutral,,Neutral,,False,,Somewhat,,Somewhat,,False,
000014465.jpg,https://raw.githubusercontent.com/3lbom/pareidolia/main/data/00001/000014465.jpg,"[[259, 160, 210, 296]]",[True],Yes,Easy,Design,Neutral,Cartoon,Neutral,No,Common,['Interesting'],1,True,0,000014465.jpg,000014465.jpg,,,,,,,,,,,,000014465.jpg,Easy,,Easy,,False,,Design,,Design,,False,,Neutral,,Neutral,,False,,Cartoon,,Cartoon,,False,,Neutral,,Neutral,,False,,No,,No,,False,
000024917.jpg,https://raw.githubusercontent.com/3lbom/pareidolia/main/data/00002/000024917.jpg,"[[211, 207, 126, 84]]",[True],Yes,Medium,Accident,Surprised,Alien,Neutral,No,Somewhat,,1,True,1,000024917.jpg,000024917.jpg,,,,,,,,,,,,000024917.jpg,Medium,,Medium,,False,,Accident,,Accident,,False,,Surprised,,Surprised,,False,,Alien,,Alien,,False,,Neutral,,Neutral,,False,,No,,No,,False,
000006605.jpg,https://raw.githubusercontent.com/3lbom/pareidolia/main/data/00000/000006605.jpg,"[[341, 221, 27, 24]]",[True],Yes,Hard,Accident,Neutral,Animal,Neutral,No,Common,,1,True,2,000006605.jpg,000006605.jpg,,,,,,,,,,,,000006605.jpg,Hard,,Hard,,False,,Accident,,Accident,,False,,Neutral,,Neutral,,False,,Animal,,Animal,,False,,Neutral,,Neutral,,False,,No,,No,,False,
000027359.jpg,https://raw.githubusercontent.com/3lbom/pareidolia/main/data/00002/000027359.jpg,"[[107, 114, 253, 293]]",[True],Yes,Easy,Accident,Happy,Other,Neutral,Yes,Somewhat,,1,False,3,000027359.jpg,000027359.jpg,,,,,,,,,,,,000027359.jpg,Easy,,Easy,,False,,Accident,,Accident,,False,,Happy,,Happy,,False,,Other,,Other,,False,,Neutral,,Neutral,,False,,Yes,,Yes,,False,
000024110.jpg,https://raw.githubusercontent.com/3lbom/pareidolia/main/data/00002/000024110.jpg,"[[67, 72, 318, 287]]",[True],Yes,Easy,Design,Happy,Other,Neutral,No,Common,,1,True,0,000024110.jpg,000024110.jpg,,,,,,,,,,,,000024110.jpg,Easy,,Easy,,False,,Design,,Design,,False,,Happy,,Happy,,False,,Other,,Other,,False,,Neutral,,Neutral,,False,,No,,No,,False,
000018968.jpg,https://raw.githubusercontent.com/3lbom/pareidolia/main/data/00001/000018968.jpg,"[[198, 187, 174, 230]]",[True],Yes,Easy,Accident,Neutral,Human-Adult,Male,No,Common,['Interesting'],1,True,2,000018968.jpg,000018968.jpg,,,,,,,,,,,,000018968.jpg,Easy,,Easy,,False,,Accident,,Accident,,False,,Neutral,,Neutral,,False,,Human-Adult,,Human-Adult,,False,,Male,,Male,,False,,No,,No,,False,
000013231.jpg,https://raw.githubusercontent.com/3lbom/pareidolia/main/data/00001/000013231.jpg,"[[258, 135, 133, 248]]",[True],Yes,Easy,Design,Surprised,Human-Adult,Male,No,Somewhat,,1,False,1,000013231.jpg,000013231.jpg,,,,,,,,,,,,000013231.jpg,Easy,,Easy,,False,,Design,,Design,,False,,Surprised,,Surprised,,False,,Human-Adult,,Human-Adult,,False,,Male,,Male,,False,,No,,No,,False,
000015140.jpg,https://raw.githubusercontent.com/3lbom/pareidolia/main/data/00001/000015140.jpg,"[[62, 99, 123, 81]]",[True],Yes,Medium,Accident,Neutral,Other,Neutral,No,Uncommon,,1,True,0,000015140.jpg,000015140.jpg,,,,,,,,,,,,000015140.jpg,Medium,,Medium,,False,,Accident,,Accident,,False,,Neutral,,Neutral,,False,,Other,,Other,,False,,Neutral,,Neutral,,False,,No,,No,,False,
000010829.jpg,https://raw.githubusercontent.com/3lbom/pareidolia/main/data/00001/000010829.jpg,"[[195, 142, 186, 228]]",[True],Yes,Hard,Accident,Sad,Alien,Neutral,No,Uncommon,,1,True,2,000010829.jpg,000010829.jpg,,,,,,,,,,,,000010829.jpg,Hard,,Hard,,False,,Accident,,Accident,,False,,Sad,,Sad,,False,,Alien,,Alien,,False,,Neutral,,Neutral,,False,,No,,No,,False,
000007486.jpg,https://raw.githubusercontent.com/3lbom/pareidolia/main/data/00000/000007486.jpg,"[[215, 26, 107, 137], [193.596, 252.454, 168.066, 199.978]]","[False, True]",Yes,Easy,Design,Happy,Human-Young,Neutral,Somewhat,Uncommon,['Interesting'],2,True,3,000007486.jpg,000007486.jpg,,,,,,,,,,,,000007486.jpg,Easy,,Easy,,False,,Design,,Design,,False,,Happy,,Happy,,False,,Human-Young,,Human-Young,,False,,Neutral,,Neutral,,False,,Somewhat,,Somewhat,,False,
000027945.jpg,https://raw.githubusercontent.com/3lbom/pareidolia/main/data/00002/000027945.jpg,"[[187, 88, 174, 289]]",[True],Yes,Medium,Accident,Neutral,Robot,Neutral,No,Common,,1,True,3,000027945.jpg,000027945.jpg,,,,,,,,,,,,000027945.jpg,Medium,,Medium,,False,,Accident,,Accident,,False,,Neutral,,Neutral,,False,,Robot,,Robot,,False,,Neutral,,Neutral,,False,,No,,No,,False,
000000350.jpg,https://raw.githubusercontent.com/3lbom/pareidolia/main/data/00000/000000350.jpg,"[[95, 212, 344, 184]]",[True],Yes,Easy,Accident,Happy,Robot,Neutral,Somewhat,Somewhat,,1,True,3,000000350.jpg,000000350.jpg,/mnt/mahdipou/test/FacesInThings/images/000000350.jpg,qwen2.5vl,32095.0,no_face,no face,,,,,,,/mnt/mahdipou/test/FacesInThings/images/000000350.jpg,Easy,,Easy,,False,,Accident,,Accident,,False,,Happy,,Happy,,False,,Robot,,Robot,,False,,Neutral,,Neutral,,False,,Somewhat,,Somewhat,,False,
000006512.jpg,https://raw.githubusercontent.com/3lbom/pareidolia/main/data/00000/000006512.jpg,"[[162.393, 155.302, 180.831, 229.053]]",[True],Yes,Medium,Accident,Happy,Human-Adult,Male,Somewhat,Uncommon,['Interesting'],1,False,1,000006512.jpg,000006512.jpg,,,,,,,,,,,,000006512.jpg,Medium,,Medium,,False,,Accident,,Accident,,False,,Happy,,Happy,,False,,Human-Adult,,Human-Adult,,False,,Male,,Male,,False,,Somewhat,,Somewhat,,False,
000012705.jpg,https://raw.githubusercontent.com/3lbom/pareidolia/main/data/00001/000012705.jpg,"[[61, 186, 185, 177]]",[True],Yes,Hard,Accident,Angry,Alien,Neutral,No,Uncommon,,1,True,0,000012705.jpg,000012705.jpg,,,,,,,,,,,,000012705.jpg,Hard,,Hard,,False,,Accident,,Accident,,False,,Angry,,Angry,,False,,Alien,,Alien,,False,,Neutral,,Neutral,,False,,No,,No,,False,
000026560.jpg,https://raw.githubusercontent.com/3lbom/pareidolia/main/data/00002/000026560.jpg,"[[209, 154, 111, 82]]",[True],Yes,Hard,Accident,Neutral,Alien,Neutral,No,Uncommon,,1,False,0,000026560.jpg,000026560.jpg,,,,,,,,,,,,000026560.jpg,Hard,,Hard,,False,,Accident,,Accident,,False,,Neutral,,Neutral,,False,,Alien,,Alien,,False,,Neutral,,Neutral,,False,,No,,No,,False,
000001290.jpg,https://raw.githubusercontent.com/3lbom/pareidolia/main/data/00000/000001290.jpg,"[[238, 216, 62, 52]]",[True],Yes,Easy,Design,Happy,Human-Young,Neutral,No,Common,,1,True,3,000001290.jpg,000001290.jpg,,,,,,,,,,,,000001290.jpg,Easy,,Easy,,False,,Design,,Design,,False,,Happy,,Happy,,False,,Human-Young,,Human-Young,,False,,Neutral,,Neutral,,False,,No,,No,,False,
000004766.jpg,https://raw.githubusercontent.com/3lbom/pareidolia/main/data/00000/000004766.jpg,"[[132, 51, 99, 88], [112, 210, 144, 106], [274, 174, 121, 133]]","[True, False, False]",Several,Easy,Design,Surprised,Cartoon,Neutral,No,Common,,3,False,3,000004766.jpg,000004766.jpg,,,,,,,,,,,,000004766.jpg,Easy,,Easy,,False,,Design,,Design,,False,,Surprised,,Surprised,,False,,Cartoon,,Cartoon,,False,,Neutral,,Neutral,,False,,No,,No,,False,
000011770.jpg,https://raw.githubusercontent.com/3lbom/pareidolia/main/data/00001/000011770.jpg,"[[119, 251, 44, 62]]",[True],Yes,Easy,Accident,Neutral,Human-Adult,Male,No,Common,['Interesting'],1,True,1,000011770.jpg,000011770.jpg,,,,,,,,,,,,000011770.jpg,Easy,,Easy,,False,,Accident,,Accident,,False,,Neutral,,Neutral,,False,,Human-Adult,,Human-Adult,,False,,Male,,Male,,False,,No,,No,,False,
000020006.jpg,https://raw.githubusercontent.com/3lbom/pareidolia/main/data/00002/000020006.jpg,"[[166, 170, 215, 133]]",[True],Yes,Easy,Accident,Neutral,Human-Old,Neutral,No,Common,['Interesting'],1,False,0,000020006.jpg,000020006.jpg,,,,,,,,,,,,000020006.jpg,Easy,,Easy,,False,,Accident,,Accident,,False,,Neutral,,Neutral,,False,,Human-Old,,Human-Old,,False,,Neutral,,Neutral,,False,,No,,No,,False,
000018753.jpg,https://raw.githubusercontent.com/3lbom/pareidolia/main/data/00001/000018753.jpg,"[[123, 103, 318, 314]]",[True],Yes,Easy,Design,Happy,Other,Neutral,No,Common,,1,False,3,000018753.jpg,000018753.jpg,,,,,,,,,,,,000018753.jpg,Easy,,Easy,,False,,Design,,Design,,False,,Happy,,Happy,,False,,Other,,Other,,False,,Neutral,,Neutral,,False,,No,,No,,False,
000021487.jpg,https://raw.githubusercontent.com/3lbom/pareidolia/main/data/00002/000021487.jpg,"[[239, 154, 146, 208]]",[True],Yes,Hard,Accident,Neutral,Human-Old,Male,No,Uncommon,,1,True,1,000021487.jpg,000021487.jpg,,,,,,,,,,,,000021487.jpg,Hard,,Hard,,False,,Accident,,Accident,,False,,Neutral,,Neutral,,False,,Human-Old,,Human-Old,,False,,Male,,Male,,False,,No,,No,,False,
000015365.jpg,https://raw.githubusercontent.com/3lbom/pareidolia/main/data/00001/000015365.jpg,"[[267, 155, 49, 98]]",[True],Yes,Medium,Accident,Scared,Animal,Male,No,Uncommon,,1,True,1,000015365.jpg,000015365.jpg,,,,,,,,,,,,000015365.jpg,Medium,,Medium,,False,,Accident,,Accident,,False,,Scared,,Scared,,False,,Animal,,Animal,,False,,Male,,Male,,False,,No,,No,,False,
000025846.jpg,https://raw.githubusercontent.com/3lbom/pareidolia/main/data/00002/000025846.jpg,"[[96, 173, 118, 107], [225, 65, 228, 166], [175, 331, 107, 113]]","[True, False, True]",Several,Easy,Accident,Surprised,Robot,Neutral,No,Common,,3,True,2,000025846.jpg,000025846.jpg,,,,,,,,,,,,000025846.jpg,Easy,,Easy,,False,,Accident,,Accident,,False,,Surprised,,Surprised,,False,,Robot,,Robot,,False,,Neutral,,Neutral,,False,,No,,No,,False,
000022435.jpg,https://raw.githubusercontent.com/3lbom/pareidolia/main/data/00002/000022435.jpg,"[[96, 83, 94, 114], [323, 233, 79, 86], [37, 305, 100, 68], [171, 302, 87, 54]]","[True, False, False, False]",Several,Easy,Design,Scared,Animal,Neutral,Somewhat,Common,,4,False,2,000022435.jpg,000022435.jpg,,,,,,,,,,,,000022435.jpg,Easy,,Easy,,False,,Design,,Design,,False,,Scared,,Scared,,False,,Animal,,Animal,,False,,Neutral,,Neutral,,False,,Somewhat,,Somewhat,,False,
000015039.jpg,https://raw.githubusercontent.com/3lbom/pareidolia/main/data/00001/000015039.jpg,"[[153, 175, 161, 132]]",[True],Yes,Medium,Accident,Surprised,Robot,Neutral,No,Somewhat,,1,True,3,000015039.jpg,000015039.jpg,,,,,,,,,,,,000015039.jpg,Medium,,Medium,,False,,Accident,,Accident,,False,,Surprised,,Surprised,,False,,Robot,,Robot,,False,,Neutral,,Neutral,,False,,No,,No,,False,
000021860.jpg,https://raw.githubusercontent.com/3lbom/pareidolia/main/data/00002/000021860.jpg,"[[184, 133, 49, 34]]",[True],Yes,Easy,Design,Neutral,Human-Adult,Female,No,Common,['Interesting'],1,True,3,000021860.jpg,000021860.jpg,,,,,,,,,,,,000021860.jpg,Easy,,Easy,,False,,Design,,Design,,False,,Neutral,,Neutral,,False,,Human-Adult,,Human-Adult,,False,,Female,,Female,,False,,No,,No,,False,
000026356.jpg,https://raw.githubusercontent.com/3lbom/pareidolia/main/data/00002/000026356.jpg,"[[83, 84, 342, 297]]",[True],Yes,Medium,Accident,Happy,Alien,Neutral,Yes,Uncommon,,1,False,0,000026356.jpg,000026356.jpg,,,,,,,,,,,,000026356.jpg,Medium,,Medium,,False,,Accident,,Accident,,False,,Happy,,Happy,,False,,Alien,,Alien,,False,,Neutral,,Neutral,,False,,Yes,,Yes,,False,
000011413.jpg,https://raw.githubusercontent.com/3lbom/pareidolia/main/data/00001/000011413.jpg,"[[6, 182, 103, 114], [220, 97, 89, 83], [400, 200, 112, 110]]","[True, False, False]",Several,Medium,Design,Happy,Robot,Neutral,Somewhat,Somewhat,,3,False,0,000011413.jpg,000011413.jpg,,,,,,,,,,,,000011413.jpg,Medium,,Medium,,False,,Design,,Design,,False,,Happy,,Happy,,False,,Robot,,Robot,,False,,Neutral,,Neutral,,False,,Somewhat,,Somewhat,,False,
000025600.jpg,https://raw.githubusercontent.com/3lbom/pareidolia/main/data/00002/000025600.jpg,"[[256, 71, 73, 89], [164, 24, 91, 130]]","[True, False]",Several,Medium,Design,Neutral,Human-Old,Male,No,Uncommon,,2,True,1,000025600.jpg,000025600.jpg,,,,,,,,,,,,000025600.jpg,Medium,,Medium,,False,,Design,,Design,,False,,Neutral,,Neutral,,False,,Human-Old,,Human-Old,,False,,Male,,Male,,False,,No,,No,,False,
000005328.jpg,https://raw.githubusercontent.com/3lbom/pareidolia/main/data/00000/000005328.jpg,"[[0, 169, 98, 83], [0, 248, 110, 94], [98, 306, 142, 109], [258, 264, 126, 127], [237, 168, 144, 91], [76, 108, 98, 77], [182, 78, 113, 100], [308, 73, 120, 91], [400, 129, 112, 101], [373, 216, 139, 118], [102.116, 197.141, 141.829, 95.025]]","[False, False, False, False, False, False, False, False, False, False, True]",Yes,Easy,Design,Happy,Cartoon,Neutral,Somewhat,Common,['Interesting'],11,True,1,000005328.jpg,000005328.jpg,,,,,,,,,,,,000005328.jpg,Easy,,Easy,,False,,Design,,Design,,False,,Happy,,Happy,,False,,Cartoon,,Cartoon,,False,,Neutral,,Neutral,,False,,Somewhat,,Somewhat,,False,
000010972.jpg,https://raw.githubusercontent.com/3lbom/pareidolia/main/data/00001/000010972.jpg,"[[175, 284, 171, 185]]",[True],Yes,Easy,Design,Neutral,Animal,Neutral,No,Uncommon,['Interesting'],1,True,0,000010972.jpg,000010972.jpg,,,,,,,,,,,,000010972.jpg,Easy,,Easy,,False,,Design,,Design,,False,,Neutral,,Neutral,,False,,Animal,,Animal,,False,,Neutral,,Neutral,,False,,No,,No,,False,
000002210.jpg,https://raw.githubusercontent.com/3lbom/pareidolia/main/data/00000/000002210.jpg,"[[135, 164, 148, 229]]",[True],Yes,Easy,Design,Neutral,Cartoon,Male,No,Common,['Interesting'],1,False,0,000002210.jpg,000002210.jpg,,,,,,,,,,,,000002210.jpg,Easy,,Easy,,False,,Design,,Design,,False,,Neutral,,Neutral,,False,,Cartoon,,Cartoon,,False,,Male,,Male,,False,,No,,No,,False,
000004940.jpg,https://raw.githubusercontent.com/3lbom/pareidolia/main/data/00000/000004940.jpg,"[[258, 107, 172, 116]]",[True],Yes,Hard,Accident,Neutral,Alien,Neutral,No,Uncommon,,1,True,3,000004940.jpg,000004940.jpg,,,,,,,,,,,,000004940.jpg,Hard,,Hard,,False,,Accident,,Accident,,False,,Neutral,,Neutral,,False,,Alien,,Alien,,False,,Neutral,,Neutral,,False,,No,,No,,False,
000003261.jpg,https://raw.githubusercontent.com/3lbom/pareidolia/main/data/00000/000003261.jpg,"[[241, 188, 203, 181]]",[True],Yes,Easy,Design,Happy,Other,Neutral,No,Common,,1,True,3,000003261.jpg,000003261.jpg,,,,,,,,,,,,000003261.jpg,Easy,,Easy,,False,,Design,,Design,,False,,Happy,,Happy,,False,,Other,,Other,,False,,Neutral,,Neutral,,False,,No,,No,,False,
000016692.jpg,https://raw.githubusercontent.com/3lbom/pareidolia/main/data/00001/000016692.jpg,"[[202, 118, 255, 284]]",[True],Yes,Easy,Accident,Neutral,Human-Young,Male,No,Uncommon,['Interesting'],1,False,3,000016692.jpg,000016692.jpg,,,,,,,,,,,,000016692.jpg,Easy,,Easy,,False,,Accident,,Accident,,False,,Neutral,,Neutral,,False,,Human-Young,,Human-Young,,False,,Male,,Male,,False,,No,,No,,False,
000010142.jpg,https://raw.githubusercontent.com/3lbom/pareidolia/main/data/00001/000010142.jpg,"[[321, 211, 93, 87]]",[True],Yes,Easy,Design,Happy,Animal,Neutral,No,Common,,1,False,1,000010142.jpg,000010142.jpg,,,,,,,,,,,,000010142.jpg,Easy,,Easy,,False,,Design,,Design,,False,,Happy,,Happy,,False,,Animal,,Animal,,False,,Neutral,,Neutral,,False,,No,,No,,False,
000019731.jpg,https://raw.githubusercontent.com/3lbom/pareidolia/main/data/00001/000019731.jpg,"[[157, 186, 63, 87]]",[True],Yes,Easy,Accident,Happy,Robot,Neutral,No,Common,,1,True,2,000019731.jpg,000019731.jpg,,,,,,,,,,,,000019731.jpg,Easy,,Easy,,False,,Accident,,Accident,,False,,Happy,,Happy,,False,,Robot,,Robot,,False,,Neutral,,Neutral,,False,,No,,No,,False,
000023004.jpg,https://raw.githubusercontent.com/3lbom/pareidolia/main/data/00002/000023004.jpg,"[[244, 140, 162, 210]]",[True],Yes,Medium,Accident,Neutral,Animal,Neutral,No,Common,['NSFW'],1,True,0,000023004.jpg,000023004.jpg,,,,,,,,,,,,000023004.jpg,Medium,,Medium,,False,,Accident,,Accident,,False,,Neutral,,Neutral,,False,,Animal,,Animal,,False,,Neutral,,Neutral,,False,,No,,No,,False,
000003440.jpg,https://raw.githubusercontent.com/3lbom/pareidolia/main/data/00000/000003440.jpg,"[[175, 197, 47, 55], [289, 195, 43, 46]]","[True, False]",Several,Easy,Design,Happy,Human-Adult,Male,Somewhat,Somewhat,,2,False,3,000003440.jpg,000003440.jpg,,,,,,,,,,,,000003440.jpg,Easy,,Easy,,False,,Design,,Design,,False,,Happy,,Happy,,False,,Human-Adult,,Human-Adult,,False,,Male,,Male,,False,,Somewhat,,Somewhat,,False,
000003904.jpg,https://raw.githubusercontent.com/3lbom/pareidolia/main/data/00000/000003904.jpg,"[[113, 153, 242, 281]]",[True],Yes,Medium,Design,Scared,Animal,Neutral,No,Uncommon,,1,False,3,000003904.jpg,000003904.jpg,,,,,,,,,,,,000003904.jpg,Medium,,Medium,,False,,Design,,Design,,False,,Scared,,Scared,,False,,Animal,,Animal,,False,,Neutral,,Neutral,,False,,No,,No,,False,
000001013.jpg,https://raw.githubusercontent.com/3lbom/pareidolia/main/data/00000/000001013.jpg,"[[144, 146, 218, 243]]",[True],Yes,Easy,Design,Happy,Animal,Neutral,No,Common,,1,True,1,000001013.jpg,000001013.jpg,,,,,,,,,,,,000001013.jpg,Easy,,Easy,,False,,Design,,Design,,False,,Happy,,Happy,,False,,Animal,,Animal,,False,,Neutral,,Neutral,,False,,No,,No,,False,
000014594.jpg,https://raw.githubusercontent.com/3lbom/pareidolia/main/data/00001/000014594.jpg,"[[95, 201, 346, 265]]",[True],Yes,Easy,Design,Neutral,Other,Neutral,No,Common,,1,False,2,000014594.jpg,000014594.jpg,,,,,,,,,,,,000014594.jpg,Easy,,Easy,,False,,Design,,Design,,False,,Neutral,,Neutral,,False,,Other,,Other,,False,,Neutral,,Neutral,,False,,No,,No,,False,
000027632.jpg,https://raw.githubusercontent.com/3lbom/pareidolia/main/data/00002/000027632.jpg,"[[233, 193, 138, 173]]",[True],Yes,Hard,Accident,Neutral,Human-Old,Male,Somewhat,Uncommon,,1,False,1,000027632.jpg,000027632.jpg,,,,,,,,,,,,000027632.jpg,Hard,,Hard,,False,,Accident,,Accident,,False,,Neutral,,Neutral,,False,,Human-Old,,Human-Old,,False,,Male,,Male,,False,,Somewhat,,Somewhat,,False,
000017441.jpg,https://raw.githubusercontent.com/3lbom/pareidolia/main/data/00001/000017441.jpg,"[[210, 139, 171, 145]]",[True],Yes,Hard,Accident,Neutral,Human-Old,Male,No,Uncommon,,1,True,2,000017441.jpg,000017441.jpg,,,,,,,,,,,,000017441.jpg,Hard,,Hard,,False,,Accident,,Accident,,False,,Neutral,,Neutral,,False,,Human-Old,,Human-Old,,False,,Male,,Male,,False,,No,,No,,False,
000014657.jpg,https://raw.githubusercontent.com/3lbom/pareidolia/main/data/00001/000014657.jpg,"[[212, 206, 91, 95]]",[True],Yes,Easy,Accident,Neutral,Alien,Neutral,No,Common,['Interesting'],1,True,3,000014657.jpg,000014657.jpg,,,,,,,,,,,,000014657.jpg,Easy,,Easy,,False,,Accident,,Accident,,False,,Neutral,,Neutral,,False,,Alien,,Alien,,False,,Neutral,,Neutral,,False,,No,,No,,False,
000005382.jpg,https://raw.githubusercontent.com/3lbom/pareidolia/main/data/00000/000005382.jpg,"[[83.679, 197.85, 304.93, 254.582]]",[True],Yes,Easy,Design,Neutral,Human-Adult,Neutral,Somewhat,Common,['Interesting'],1,True,1,000005382.jpg,000005382.jpg,,,,,,,,,,,,000005382.jpg,Easy,,Easy,,False,,Design,,Design,,False,,Neutral,,Neutral,,False,,Human-Adult,,Human-Adult,,False,,Neutral,,Neutral,,False,,Somewhat,,Somewhat,,False,
000015687.jpg,https://raw.githubusercontent.com/3lbom/pareidolia/main/data/00001/000015687.jpg,"[[167, 291, 112, 75]]",[True],Yes,Easy,Design,Neutral,Animal,Neutral,No,Common,,1,True,3,000015687.jpg,000015687.jpg,,,,,,,,,,,,000015687.jpg,Easy,,Easy,,False,,Design,,Design,,False,,Neutral,,Neutral,,False,,Animal,,Animal,,False,,Neutral,,Neutral,,False,,No,,No,,False,
000005280.jpg,https://raw.githubusercontent.com/3lbom/pareidolia/main/data/00000/000005280.jpg,"[[109.917, 175.158, 287.911, 181.54]]",[True],Yes,Easy,Design,Happy,Human-Adult,Neutral,Somewhat,Common,['Interesting'],1,False,3,000005280.jpg,000005280.jpg,,,,,,,,,,,,000005280.jpg,Easy,,Easy,,False,,Design,,Design,,False,,Happy,,Happy,,False,,Human-Adult,,Human-Adult,,False,,Neutral,,Neutral,,False,,Somewhat,,Somewhat,,False,
000022192.jpg,https://raw.githubusercontent.com/3lbom/pareidolia/main/data/00002/000022192.jpg,"[[133, 201, 202, 184]]",[True],Yes,Hard,Accident,Neutral,Robot,Neutral,No,Uncommon,,1,False,2,000022192.jpg,000022192.jpg,,,,,,,,,,,,000022192.jpg,Hard,,Hard,,False,,Accident,,Accident,,False,,Neutral,,Neutral,,False,,Robot,,Robot,,False,,Neutral,,Neutral,,False,,No,,No,,False,
000011039.jpg,https://raw.githubusercontent.com/3lbom/pareidolia/main/data/00001/000011039.jpg,"[[181, 176, 145, 162]]",[True],Yes,Easy,Design,Neutral,Other,Neutral,No,Uncommon,['Interesting'],1,False,1,000011039.jpg,000011039.jpg,,,,,,,,,,,,000011039.jpg,Easy,,Easy,,False,,Design,,Design,,False,,Neutral,,Neutral,,False,,Other,,Other,,False,,Neutral,,Neutral,,False,,No,,No,,False,
000027575.jpg,https://raw.githubusercontent.com/3lbom/pareidolia/main/data/00002/000027575.jpg,"[[211, 200, 93, 92]]",[True],Yes,Easy,Design,Happy,Other,Neutral,No,Common,,1,True,1,000027575.jpg,000027575.jpg,,,,,,,,,,,,000027575.jpg,Easy,,Easy,,False,,Design,,Design,,False,,Happy,,Happy,,False,,Other,,Other,,False,,Neutral,,Neutral,,False,,No,,No,,False,
000027867.jpg,https://raw.githubusercontent.com/3lbom/pareidolia/main/data/00002/000027867.jpg,"[[179, 79, 125, 166]]",[True],Yes,Easy,Design,Neutral,Human-Adult,Male,Somewhat,Somewhat,,1,True,0,000027867.jpg,000027867.jpg,,,,,,,,,,,,000027867.jpg,Easy,,Easy,,False,,Design,,Design,,False,,Neutral,,Neutral,,False,,Human-Adult,,Human-Adult,,False,,Male,,Male,,False,,Somewhat,,Somewhat,,False,
000008951.jpg,https://raw.githubusercontent.com/3lbom/pareidolia/main/data/00000/000008951.jpg,"[[70, 16, 347, 472]]",[True],Yes,Easy,Design,Happy,Other,Neutral,No,Common,,1,False,2,000008951.jpg,000008951.jpg,,,,,,,,,,,,000008951.jpg,Easy,,Easy,,False,,Design,,Design,,False,,Happy,,Happy,,False,,Other,,Other,,False,,Neutral,,Neutral,,False,,No,,No,,False,
000020016.jpg,https://raw.githubusercontent.com/3lbom/pareidolia/main/data/00002/000020016.jpg,"[[154, 285, 97, 60]]",[True],Yes,Easy,Accident,Neutral,Cartoon,Neutral,No,Common,['Interesting'],1,False,0,000020016.jpg,000020016.jpg,,,,,,,,,,,,000020016.jpg,Easy,,Easy,,False,,Accident,,Accident,,False,,Neutral,,Neutral,,False,,Cartoon,,Cartoon,,False,,Neutral,,Neutral,,False,,No,,No,,False,
000011260.jpg,https://raw.githubusercontent.com/3lbom/pareidolia/main/data/00001/000011260.jpg,"[[346, 253, 57, 57], [54, 255, 82, 77], [103, 146, 27, 32]]","[False, False, True]",Several,Easy,Design,Neutral,Cartoon,Neutral,No,Uncommon,['Interesting'],3,False,2,000011260.jpg,000011260.jpg,,,,,,,,,,,,000011260.jpg,Easy,,Easy,,False,,Design,,Design,,False,,Neutral,,Neutral,,False,,Cartoon,,Cartoon,,False,,Neutral,,Neutral,,False,,No,,No,,False,
000004635.jpg,https://raw.githubusercontent.com/3lbom/pareidolia/main/data/00000/000004635.jpg,"[[211, 230, 58, 205], [270, 224, 93, 213]]","[False, True]",Several,Easy,Accident,Neutral,Animal,Neutral,No,Uncommon,['Interesting'],2,True,3,000004635.jpg,000004635.jpg,,,,,,,,,,,,000004635.jpg,Easy,,Easy,,False,,Accident,,Accident,,False,,Neutral,,Neutral,,False,,Animal,,Animal,,False,,Neutral,,Neutral,,False,,No,,No,,False,
000026267.jpg,https://raw.githubusercontent.com/3lbom/pareidolia/main/data/00002/000026267.jpg,"[[163, 143, 200, 220]]",[True],Yes,Easy,Design,Scared,Robot,Neutral,Somewhat,Somewhat,,1,True,1,000026267.jpg,000026267.jpg,,,,,,,,,,,,000026267.jpg,Easy,,Easy,,False,,Design,,Design,,False,,Scared,,Scared,,False,,Robot,,Robot,,False,,Neutral,,Neutral,,False,,Somewhat,,Somewhat,,False,
000003891.jpg,https://raw.githubusercontent.com/3lbom/pareidolia/main/data/00000/000003891.jpg,"[[291, 166, 156, 133]]",[True],Yes,Hard,Accident,Neutral,Human-Old,Male,Somewhat,Uncommon,,1,True,2,000003891.jpg,000003891.jpg,,,,,,,,,,,,000003891.jpg,Hard,,Hard,,False,,Accident,,Accident,,False,,Neutral,,Neutral,,False,,Human-Old,,Human-Old,,False,,Male,,Male,,False,,Somewhat,,Somewhat,,False,
000022212.jpg,https://raw.githubusercontent.com/3lbom/pareidolia/main/data/00002/000022212.jpg,"[[120, 86, 251, 239]]",[True],Yes,Easy,Design,Happy,Cartoon,Neutral,No,Common,,1,False,0,000022212.jpg,000022212.jpg,,,,,,,,,,,,000022212.jpg,Easy,,Easy,,False,,Design,,Design,,False,,Happy,,Happy,,False,,Cartoon,,Cartoon,,False,,Neutral,,Neutral,,False,,No,,No,,False,
000013103.jpg,https://raw.githubusercontent.com/3lbom/pareidolia/main/data/00001/000013103.jpg,"[[316, 165, 180, 170]]",[True],Yes,Hard,Accident,Neutral,Animal,Neutral,No,Uncommon,,1,True,3,000013103.jpg,000013103.jpg,,,,,,,,,,,,000013103.jpg,Hard,,Hard,,False,,Accident,,Accident,,False,,Neutral,,Neutral,,False,,Animal,,Animal,,False,,Neutral,,Neutral,,False,,No,,No,,False,
000018640.jpg,https://raw.githubusercontent.com/3lbom/pareidolia/main/data/00001/000018640.jpg,"[[71, 171, 107, 168]]",[True],Yes,Easy,Accident,Neutral,Human-Adult,Male,No,Uncommon,,1,True,0,000018640.jpg,000018640.jpg,,,,,,,,,,,,000018640.jpg,Easy,,Easy,,False,,Accident,,Accident,,False,,Neutral,,Neutral,,False,,Human-Adult,,Human-Adult,,False,,Male,,Male,,False,,No,,No,,False,
000009832.jpg,https://raw.githubusercontent.com/3lbom/pareidolia/main/data/00000/000009832.jpg,"[[134, 320, 253, 175]]",[True],Yes,Easy,Design,Neutral,Human-Young,Male,No,Common,,1,True,1,000009832.jpg,000009832.jpg,,,,,,,,,,,,000009832.jpg,Easy,,Easy,,False,,Design,,Design,,False,,Neutral,,Neutral,,False,,Human-Young,,Human-Young,,False,,Male,,Male,,False,,No,,No,,False,
000026057.jpg,https://raw.githubusercontent.com/3lbom/pareidolia/main/data/00002/000026057.jpg,"[[13, 163, 224, 260]]",[True],Yes,Easy,Design,Neutral,Animal,Neutral,No,Somewhat,,1,False,1,000026057.jpg,000026057.jpg,,,,,,,,,,,,000026057.jpg,Easy,,Easy,,False,,Design,,Design,,False,,Neutral,,Neutral,,False,,Animal,,Animal,,False,,Neutral,,Neutral,,False,,No,,No,,False,
000005101.jpg,https://raw.githubusercontent.com/3lbom/pareidolia/main/data/00000/000005101.jpg,"[[221.252, 212.742, 84.388, 89.352]]",[True],Yes,Hard,Accident,Sad,Human-Adult,Neutral,Somewhat,Uncommon,['Interesting'],1,False,2,000005101.jpg,000005101.jpg,,,,,,,,,,,,000005101.jpg,Hard,,Hard,,False,,Accident,,Accident,,False,,Sad,,Sad,,False,,Human-Adult,,Human-Adult,,False,,Neutral,,Neutral,,False,,Somewhat,,Somewhat,,False,
000005113.jpg,https://raw.githubusercontent.com/3lbom/pareidolia/main/data/00000/000005113.jpg,"[[37.584, 217.706, 159.557, 141.119]]",[True],Yes,Medium,Accident,Angry,Animal,Neutral,Somewhat,Uncommon,['Interesting'],1,True,1,000005113.jpg,000005113.jpg,,,,,,,,,,,,000005113.jpg,Medium,,Medium,,False,,Accident,,Accident,,False,,Angry,,Angry,,False,,Animal,,Animal,,False,,Neutral,,Neutral,,False,,Somewhat,,Somewhat,,False,
000007530.jpg,https://raw.githubusercontent.com/3lbom/pareidolia/main/data/00000/000007530.jpg,"[[82.97, 121.972, 312.022, 212.743]]",[True],Yes,Easy,Design,Happy,Cartoon,Neutral,Somewhat,Common,,1,False,2,000007530.jpg,000007530.jpg,,,,,,,,,,,,000007530.jpg,Easy,,Easy,,False,,Design,,Design,,False,,Happy,,Happy,,False,,Cartoon,,Cartoon,,False,,Neutral,,Neutral,,False,,Somewhat,,Somewhat,,False,
000014983.jpg,https://raw.githubusercontent.com/3lbom/pareidolia/main/data/00001/000014983.jpg,"[[197, 188, 110, 157]]",[True],Yes,Easy,Design,Happy,Other,Neutral,No,Common,,1,True,1,000014983.jpg,000014983.jpg,,,,,,,,,,,,000014983.jpg,Easy,,Easy,,False,,Design,,Design,,False,,Happy,,Happy,,False,,Other,,Other,,False,,Neutral,,Neutral,,False,,No,,No,,False,
000013957.jpg,https://raw.githubusercontent.com/3lbom/pareidolia/main/data/00001/000013957.jpg,"[[161, 247, 155, 137]]",[True],Yes,Hard,Accident,Neutral,Animal,Neutral,Somewhat,Uncommon,,1,True,3,000013957.jpg,000013957.jpg,,,,,,,,,,,,000013957.jpg,Hard,,Hard,,False,,Accident,,Accident,,False,,Neutral,,Neutral,,False,,Animal,,Animal,,False,,Neutral,,Neutral,,False,,Somewhat,,Somewhat,,False,
000000808.jpg,https://raw.githubusercontent.com/3lbom/pareidolia/main/data/00000/000000808.jpg,"[[80, 205, 41, 104], [279, 100, 102, 108], [109, 91, 105, 109]]","[False, False, True]",Several,Easy,Accident,Neutral,Other,Neutral,No,Common,['Interesting'],3,True,1,000000808.jpg,000000808.jpg,/mnt/mahdipou/test/FacesInThings/images/000000808.jpg,qwen2.5vl,45843.0,no_face,no face,,,,,,,/mnt/mahdipou/test/FacesInThings/images/000000808.jpg,Easy,,Easy,,False,,Accident,,Accident,,False,,Neutral,,Neutral,,False,,Other,,Other,,False,,Neutral,,Neutral,,False,,No,,No,,False,
000021456.jpg,https://raw.githubusercontent.com/3lbom/pareidolia/main/data/00002/000021456.jpg,"[[171, 19, 199, 308]]",[True],Yes,Easy,Accident,Neutral,Cartoon,Neutral,No,Uncommon,['Interesting'],1,False,2,000021456.jpg,000021456.jpg,,,,,,,,,,,,000021456.jpg,Easy,,Easy,,False,,Accident,,Accident,,False,,Neutral,,Neutral,,False,,Cartoon,,Cartoon,,False,,Neutral,,Neutral,,False,,No,,No,,False,
000015479.jpg,https://raw.githubusercontent.com/3lbom/pareidolia/main/data/00001/000015479.jpg,"[[405, 131, 40, 44], [116, 243, 71, 82]]","[False, True]",Several,Easy,Design,Neutral,Human-Adult,Male,No,Uncommon,['Interesting'],2,True,2,000015479.jpg,000015479.jpg,,,,,,,,,,,,000015479.jpg,Easy,,Easy,,False,,Design,,Design,,False,,Neutral,,Neutral,,False,,Human-Adult,,Human-Adult,,False,,Male,,Male,,False,,No,,No,,False,
000018346.jpg,https://raw.githubusercontent.com/3lbom/pareidolia/main/data/00001/000018346.jpg,"[[124, 129, 337, 247]]",[True],Yes,Hard,Accident,Neutral,Alien,Neutral,No,Uncommon,,1,True,2,000018346.jpg,000018346.jpg,,,,,,,,,,,,000018346.jpg,Hard,,Hard,,False,,Accident,,Accident,,False,,Neutral,,Neutral,,False,,Alien,,Alien,,False,,Neutral,,Neutral,,False,,No,,No,,False,
000006848.jpg,https://raw.githubusercontent.com/3lbom/pareidolia/main/data/00000/000006848.jpg,"[[68, 241, 108, 97]]",[True],Yes,Easy,Design,Happy,Other,Neutral,No,Common,,1,True,1,000006848.jpg,000006848.jpg,,,,,,,,,,,,000006848.jpg,Easy,,Easy,,False,,Design,,Design,,False,,Happy,,Happy,,False,,Other,,Other,,False,,Neutral,,Neutral,,False,,No,,No,,False,
000015102.jpg,https://raw.githubusercontent.com/3lbom/pareidolia/main/data/00001/000015102.jpg,"[[0, 0, 512, 458]]",[True],Yes,Easy,Design,,Cartoon,Neutral,No,Uncommon,['Interesting'],1,True,0,000015102.jpg,000015102.jpg,,,,,,,,,,,,000015102.jpg,Easy,,Easy,,False,,Design,,Design,,False,,,,,,False,,Cartoon,,Cartoon,,False,,Neutral,,Neutral,,False,,No,,No,,False,
000008581.jpg,https://raw.githubusercontent.com/3lbom/pareidolia/main/data/00000/000008581.jpg,"[[215, 230, 103, 81]]",[True],Yes,Medium,Accident,Happy,Animal,Neutral,No,Uncommon,,1,False,1,000008581.jpg,000008581.jpg,,,,,,,,,,,,000008581.jpg,Medium,,Medium,,False,,Accident,,Accident,,False,,Happy,,Happy,,False,,Animal,,Animal,,False,,Neutral,,Neutral,,False,,No,,No,,False,
000016965.jpg,https://raw.githubusercontent.com/3lbom/pareidolia/main/data/00001/000016965.jpg,"[[191, 163, 110, 117]]",[True],Yes,,Accident,Sad,Alien,Neutral,No,Uncommon,,1,True,0,000016965.jpg,000016965.jpg,,,,,,,,,,,,000016965.jpg,,,,,False,,Accident,,Accident,,False,,Sad,,Sad,,False,,Alien,,Alien,,False,,Neutral,,Neutral,,False,,No,,No,,False,
000025247.jpg,https://raw.githubusercontent.com/3lbom/pareidolia/main/data/00002/000025247.jpg,"[[200, 216, 77, 64]]",[True],Yes,Easy,Accident,Surprised,Other,Neutral,No,Common,,1,True,2,000025247.jpg,000025247.jpg,,,,,,,,,,,,000025247.jpg,Easy,,Easy,,False,,Accident,,Accident,,False,,Surprised,,Surprised,,False,,Other,,Other,,False,,Neutral,,Neutral,,False,,No,,No,,False,
000024331.jpg,https://raw.githubusercontent.com/3lbom/pareidolia/main/data/00002/000024331.jpg,"[[122, 90, 223, 279]]",[True],Yes,Easy,Design,Happy,Animal,Female,Yes,Uncommon,,1,False,0,000024331.jpg,000024331.jpg,,,,,,,,,,,,000024331.jpg,Easy,,Easy,,False,,Design,,Design,,False,,Happy,,Happy,,False,,Animal,,Animal,,False,,Female,,Female,,False,,Yes,,Yes,,False,
000017883.jpg,https://raw.githubusercontent.com/3lbom/pareidolia/main/data/00001/000017883.jpg,"[[107, 9, 314, 186]]",[True],Yes,Medium,Accident,Angry,Robot,Male,Somewhat,Uncommon,,1,True,0,000017883.jpg,000017883.jpg,,,,,,,,,,,,000017883.jpg,Medium,,Medium,,False,,Accident,,Accident,,False,,Angry,,Angry,,False,,Robot,,Robot,,False,,Male,,Male,,False,,Somewhat,,Somewhat,,False,
000000199.jpg,https://raw.githubusercontent.com/3lbom/pareidolia/main/data/00000/000000199.jpg,"[[35, 192, 330, 232]]",[True],Yes,Hard,Accident,Neutral,Alien,Neutral,No,Uncommon,,1,True,3,000000199.jpg,000000199.jpg,/mnt/mahdipou/test/FacesInThings/images/000000199.jpg,qwen2.5vl,40064.0,no_face,no face,,,,,,,/mnt/mahdipou/test/FacesInThings/images/000000199.jpg,Hard,,Hard,,False,,Accident,,Accident,,False,,Neutral,,Neutral,,False,,Alien,,Alien,,False,,Neutral,,Neutral,,False,,No,,No,,False,
000022053.jpg,https://raw.githubusercontent.com/3lbom/pareidolia/main/data/00002/000022053.jpg,"[[152, 183, 84, 86]]",[True],Yes,Easy,Design,Neutral,Cartoon,Neutral,No,Uncommon,['Interesting'],1,False,1,000022053.jpg,000022053.jpg,,,,,,,,,,,,000022053.jpg,Easy,,Easy,,False,,Design,,Design,,False,,Neutral,,Neutral,,False,,Cartoon,,Cartoon,,False,,Neutral,,Neutral,,False,,No,,No,,False,
000001018.jpg,https://raw.githubusercontent.com/3lbom/pareidolia/main/data/00000/000001018.jpg,"[[164, 242, 143, 98]]",[True],Yes,Easy,Design,Neutral,Human-Adult,Male,No,Common,,1,True,2,000001018.jpg,000001018.jpg,,,,,,,,,,,,000001018.jpg,Easy,,Easy,,False,,Design,,Design,,False,,Neutral,,Neutral,,False,,Human-Adult,,Human-Adult,,False,,Male,,Male,,False,,No,,No,,False,
000011363.jpg,https://raw.githubusercontent.com/3lbom/pareidolia/main/data/00001/000011363.jpg,"[[145, 145, 240, 198]]",[True],Yes,Easy,Design,Happy,Robot,Neutral,No,Common,,1,False,1,000011363.jpg,000011363.jpg,,,,,,,,,,,,000011363.jpg,Easy,,Easy,,False,,Design,,Design,,False,,Happy,,Happy,,False,,Robot,,Robot,,False,,Neutral,,Neutral,,False,,No,,No,,False,
000023833.jpg,https://raw.githubusercontent.com/3lbom/pareidolia/main/data/00002/000023833.jpg,"[[113, 149, 265, 248]]",[True],Yes,Easy,Design,Neutral,Animal,Neutral,No,Uncommon,['Interesting'],1,True,2,000023833.jpg,000023833.jpg,,,,,,,,,,,,000023833.jpg,Easy,,Easy,,False,,Design,,Design,,False,,Neutral,,Neutral,,False,,Animal,,Animal,,False,,Neutral,,Neutral,,False,,No,,No,,False,
000026002.jpg,https://raw.githubusercontent.com/3lbom/pareidolia/main/data/00002/000026002.jpg,"[[158, 133, 191, 281]]",[True],Yes,Hard,Accident,Surprised,Alien,Neutral,No,Uncommon,,1,False,3,000026002.jpg,000026002.jpg,,,,,,,,,,,,000026002.jpg,Hard,,Hard,,False,,Accident,,Accident,,False,,Surprised,,Surprised,,False,,Alien,,Alien,,False,,Neutral,,Neutral,,False,,No,,No,,False,
000005921.jpg,https://raw.githubusercontent.com/3lbom/pareidolia/main/data/00000/000005921.jpg,"[[168.776, 124.809, 208.487, 172.321]]",[True],Yes,Easy,Design,Neutral,Cartoon,Neutral,Yes,Uncommon,['Interesting'],1,False,1,000005921.jpg,000005921.jpg,,,,,,,,,,,,000005921.jpg,Easy,,Easy,,False,,Design,,Design,,False,,Neutral,,Neutral,,False,,Cartoon,,Cartoon,,False,,Neutral,,Neutral,,False,,Yes,,Yes,,False,
000007329.jpg,https://raw.githubusercontent.com/3lbom/pareidolia/main/data/00000/000007329.jpg,"[[231.889, 95.025, 129.773, 241.108]]",[True],Yes,Hard,Accident,Neutral,Human-Old,Neutral,Somewhat,Uncommon,['Interesting'],1,True,2,000007329.jpg,000007329.jpg,,,,,,,,,,,,000007329.jpg,Hard,,Hard,,False,,Accident,,Accident,,False,,Neutral,,Neutral,,False,,Human-Old,,Human-Old,,False,,Neutral,,Neutral,,False,,Somewhat,,Somewhat,,False,
000005246.jpg,https://raw.githubusercontent.com/3lbom/pareidolia/main/data/00000/000005246.jpg,"[[72.332, 102.825, 256.71, 213.452]]",[True],Yes,Medium,,Scared,Animal,Neutral,Somewhat,Uncommon,['Interesting'],1,True,2,000005246.jpg,000005246.jpg,,,,,,,,,,,,000005246.jpg,Medium,,Medium,,False,,,,,,False,,Scared,,Scared,,False,,Animal,,Animal,,False,,Neutral,,Neutral,,False,,Somewhat,,Somewhat,,False,
000024179.jpg,https://raw.githubusercontent.com/3lbom/pareidolia/main/data/00002/000024179.jpg,"[[140, 143, 125, 140], [291, 178, 74, 143]]","[True, False]",Several,Easy,Accident,Scared,Human-Old,Male,No,Common,['Interesting'],2,False,0,000024179.jpg,000024179.jpg,,,,,,,,,,,,000024179.jpg,Easy,,Easy,,False,,Accident,,Accident,,False,,Scared,,Scared,,False,,Human-Old,,Human-Old,,False,,Male,,Male,,False,,No,,No,,False,
000011377.jpg,https://raw.githubusercontent.com/3lbom/pareidolia/main/data/00001/000011377.jpg,"[[99, 105, 338, 288]]",[True],Yes,Easy,Design,Happy,Other,Neutral,No,Common,,1,False,1,000011377.jpg,000011377.jpg,,,,,,,,,,,,000011377.jpg,Easy,,Easy,,False,,Design,,Design,,False,,Happy,,Happy,,False,,Other,,Other,,False,,Neutral,,Neutral,,False,,No,,No,,False,
000023249.jpg,https://raw.githubusercontent.com/3lbom/pareidolia/main/data/00002/000023249.jpg,"[[138, 172, 234, 217]]",[True],Yes,Medium,Design,Neutral,Robot,Neutral,No,Somewhat,,1,True,0,000023249.jpg,000023249.jpg,,,,,,,,,,,,000023249.jpg,Medium,,Medium,,False,,Design,,Design,,False,,Neutral,,Neutral,,False,,Robot,,Robot,,False,,Neutral,,Neutral,,False,,No,,No,,False,
000018725.jpg,https://raw.githubusercontent.com/3lbom/pareidolia/main/data/00001/000018725.jpg,"[[17, 84, 339, 248]]",[True],Yes,Easy,Design,Neutral,Other,Neutral,No,Common,,1,True,2,000018725.jpg,000018725.jpg,,,,,,,,,,,,000018725.jpg,Easy,,Easy,,False,,Design,,Design,,False,,Neutral,,Neutral,,False,,Other,,Other,,False,,Neutral,,Neutral,,False,,No,,No,,False,
000017705.jpg,https://raw.githubusercontent.com/3lbom/pareidolia/main/data/00001/000017705.jpg,"[[0, 169, 65, 90], [183, 153, 154, 133]]","[False, True]",Several,Easy,Design,Neutral,Cartoon,Neutral,No,Uncommon,['Interesting'],2,False,2,000017705.jpg,000017705.jpg,,,,,,,,,,,,000017705.jpg,Easy,,Easy,,False,,Design,,Design,,False,,Neutral,,Neutral,,False,,Cartoon,,Cartoon,,False,,Neutral,,Neutral,,False,,No,,No,,False,
000003771.jpg,https://raw.githubusercontent.com/3lbom/pareidolia/main/data/00000/000003771.jpg,"[[174, 175, 178, 200]]",[True],Yes,Easy,Design,Neutral,Cartoon,Neutral,No,Uncommon,['Interesting'],1,True,3,000003771.jpg,000003771.jpg,,,,,,,,,,,,000003771.jpg,Easy,,Easy,,False,,Design,,Design,,False,,Neutral,,Neutral,,False,,Cartoon,,Cartoon,,False,,Neutral,,Neutral,,False,,No,,No,,False,
000009453.jpg,https://raw.githubusercontent.com/3lbom/pareidolia/main/data/00000/000009453.jpg,"[[128, 106, 292, 379]]",[True],Yes,Medium,Accident,Neutral,Animal,Neutral,Somewhat,Uncommon,,1,True,2,000009453.jpg,000009453.jpg,,,,,,,,,,,,000009453.jpg,Medium,,Medium,,False,,Accident,,Accident,,False,,Neutral,,Neutral,,False,,Animal,,Animal,,False,,Neutral,,Neutral,,False,,Somewhat,,Somewhat,,False,
000024632.jpg,https://raw.githubusercontent.com/3lbom/pareidolia/main/data/00002/000024632.jpg,"[[61, 139, 414, 120]]",[True],Yes,Medium,Accident,Happy,Robot,Neutral,No,Somewhat,,1,True,3,000024632.jpg,000024632.jpg,,,,,,,,,,,,000024632.jpg,Medium,,Medium,,False,,Accident,,Accident,,False,,Happy,,Happy,,False,,Robot,,Robot,,False,,Neutral,,Neutral,,False,,No,,No,,False,
000020762.jpg,https://raw.githubusercontent.com/3lbom/pareidolia/main/data/00002/000020762.jpg,"[[252, 248, 27, 22]]",[True],Yes,Hard,Accident,Neutral,Other,Neutral,No,Common,['Interesting'],1,True,2,000020762.jpg,000020762.jpg,,,,,,,,,,,,000020762.jpg,Hard,,Hard,,False,,Accident,,Accident,,False,,Neutral,,Neutral,,False,,Other,,Other,,False,,Neutral,,Neutral,,False,,No,,No,,False,
000012618.jpg,https://raw.githubusercontent.com/3lbom/pareidolia/main/data/00001/000012618.jpg,"[[189, 220, 78, 127]]",[True],Yes,Easy,Accident,Neutral,Cartoon,Neutral,No,Uncommon,['Interesting'],1,True,0,000012618.jpg,000012618.jpg,,,,,,,,,,,,000012618.jpg,Easy,,Easy,,False,,Accident,,Accident,,False,,Neutral,,Neutral,,False,,Cartoon,,Cartoon,,False,,Neutral,,Neutral,,False,,No,,No,,False,
000003817.jpg,https://raw.githubusercontent.com/3lbom/pareidolia/main/data/00000/000003817.jpg,"[[298, 114, 87, 49]]",[True],Yes,Easy,Design,Neutral,Human-Adult,Male,No,Common,,1,True,1,000003817.jpg,000003817.jpg,,,,,,,,,,,,000003817.jpg,Easy,,Easy,,False,,Design,,Design,,False,,Neutral,,Neutral,,False,,Human-Adult,,Human-Adult,,False,,Male,,Male,,False,,No,,No,,False,
000004023.jpg,https://raw.githubusercontent.com/3lbom/pareidolia/main/data/00000/000004023.jpg,"[[123, 96, 252, 204]]",[True],Yes,Easy,Accident,Neutral,Human-Old,Male,No,Common,['Interesting'],1,True,3,000004023.jpg,000004023.jpg,,,,,,,,,,,,000004023.jpg,Easy,,Easy,,False,,Accident,,Accident,,False,,Neutral,,Neutral,,False,,Human-Old,,Human-Old,,False,,Male,,Male,,False,,No,,No,,False,
000015629.jpg,https://raw.githubusercontent.com/3lbom/pareidolia/main/data/00001/000015629.jpg,"[[82, 125, 86, 82]]",[True],Yes,Easy,Design,Neutral,Animal,Neutral,No,Common,['Interesting'],1,True,1,000015629.jpg,000015629.jpg,,,,,,,,,,,,000015629.jpg,Easy,,Easy,,False,,Design,,Design,,False,,Neutral,,Neutral,,False,,Animal,,Animal,,False,,Neutral,,Neutral,,False,,No,,No,,False,
000015264.jpg,https://raw.githubusercontent.com/3lbom/pareidolia/main/data/00001/000015264.jpg,"[[76, 43, 423, 448]]",[True],Yes,Medium,Accident,Neutral,Robot,Neutral,No,Somewhat,,1,True,2,000015264.jpg,000015264.jpg,,,,,,,,,,,,000015264.jpg,Medium,,Medium,,False,,Accident,,Accident,,False,,Neutral,,Neutral,,False,,Robot,,Robot,,False,,Neutral,,Neutral,,False,,No,,No,,False,
000023474.jpg,https://raw.githubusercontent.com/3lbom/pareidolia/main/data/00002/000023474.jpg,"[[124, 151, 101, 173]]",[True],Yes,Hard,Accident,Neutral,Human-Adult,Male,No,Uncommon,,1,False,3,000023474.jpg,000023474.jpg,,,,,,,,,,,,000023474.jpg,Hard,,Hard,,False,,Accident,,Accident,,False,,Neutral,,Neutral,,False,,Human-Adult,,Human-Adult,,False,,Male,,Male,,False,,No,,No,,False,
000010506.jpg,https://raw.githubusercontent.com/3lbom/pareidolia/main/data/00001/000010506.jpg,"[[235, 170, 99, 117], [210, 304, 132, 81]]","[True, False]",Several,Easy,Design,Happy,Robot,Neutral,No,Somewhat,,2,True,1,000010506.jpg,000010506.jpg,,,,,,,,,,,,000010506.jpg,Easy,,Easy,,False,,Design,,Design,,False,,Happy,,Happy,,False,,Robot,,Robot,,False,,Neutral,,Neutral,,False,,No,,No,,False,
000016370.jpg,https://raw.githubusercontent.com/3lbom/pareidolia/main/data/00001/000016370.jpg,"[[105, 45, 294, 400]]",[True],Yes,Easy,Design,Happy,Cartoon,Neutral,Somewhat,Uncommon,,1,False,0,000016370.jpg,000016370.jpg,,,,,,,,,,,,000016370.jpg,Easy,,Easy,,False,,Design,,Design,,False,,Happy,,Happy,,False,,Cartoon,,Cartoon,,False,,Neutral,,Neutral,,False,,Somewhat,,Somewhat,,False,
000009249.jpg,https://raw.githubusercontent.com/3lbom/pareidolia/main/data/00000/000009249.jpg,"[[124, 160, 240, 110]]",[True],Yes,Medium,Accident,Happy,Cartoon,Neutral,Somewhat,Common,,1,True,1,000009249.jpg,000009249.jpg,,,,,,,,,,,,000009249.jpg,Medium,,Medium,,False,,Accident,,Accident,,False,,Happy,,Happy,,False,,Cartoon,,Cartoon,,False,,Neutral,,Neutral,,False,,Somewhat,,Somewhat,,False,
000012064.jpg,https://raw.githubusercontent.com/3lbom/pareidolia/main/data/00001/000012064.jpg,"[[121, 258, 176, 101]]",[True],Yes,Easy,Design,Happy,Other,Neutral,No,Common,,1,True,3,000012064.jpg,000012064.jpg,,,,,,,,,,,,000012064.jpg,Easy,,Easy,,False,,Design,,Design,,False,,Happy,,Happy,,False,,Other,,Other,,False,,Neutral,,Neutral,,False,,No,,No,,False,
000017945.jpg,https://raw.githubusercontent.com/3lbom/pareidolia/main/data/00001/000017945.jpg,"[[172, 170, 158, 186]]",[True],Yes,Easy,Accident,Surprised,Robot,Neutral,No,Common,,1,True,0,000017945.jpg,000017945.jpg,,,,,,,,,,,,000017945.jpg,Easy,,Easy,,False,,Accident,,Accident,,False,,Surprised,,Surprised,,False,,Robot,,Robot,,False,,Neutral,,Neutral,,False,,No,,No,,False,
000016368.jpg,https://raw.githubusercontent.com/3lbom/pareidolia/main/data/00001/000016368.jpg,"[[135, 194, 201, 251]]",[True],Yes,Easy,Design,Neutral,Robot,Neutral,No,Common,,1,True,3,000016368.jpg,000016368.jpg,,,,,,,,,,,,000016368.jpg,Easy,,Easy,,False,,Design,,Design,,False,,Neutral,,Neutral,,False,,Robot,,Robot,,False,,Neutral,,Neutral,,False,,No,,No,,False,
000025167.jpg,https://raw.githubusercontent.com/3lbom/pareidolia/main/data/00002/000025167.jpg,"[[169, 237, 78, 101]]",[True],Yes,Easy,Design,Neutral,Human-Adult,Male,No,Somewhat,,1,True,1,000025167.jpg,000025167.jpg,,,,,,,,,,,,000025167.jpg,Easy,,Easy,,False,,Design,,Design,,False,,Neutral,,Neutral,,False,,Human-Adult,,Human-Adult,,False,,Male,,Male,,False,,No,,No,,False,
000005447.jpg,https://raw.githubusercontent.com/3lbom/pareidolia/main/data/00000/000005447.jpg,"[[104.953, 229.762, 246.072, 174.449]]",[True],Yes,Easy,Design,Happy,Human-Adult,Neutral,Somewhat,Common,['Interesting'],1,True,1,000005447.jpg,000005447.jpg,,,,,,,,,,,,000005447.jpg,Easy,,Easy,,False,,Design,,Design,,False,,Happy,,Happy,,False,,Human-Adult,,Human-Adult,,False,,Neutral,,Neutral,,False,,Somewhat,,Somewhat,,False,
000000080.jpg,https://raw.githubusercontent.com/3lbom/pareidolia/main/data/00000/000000080.jpg,"[[201, 202, 109, 145]]",[True],Yes,Easy,Design,Happy,Human-Adult,Male,Somewhat,Uncommon,['Interesting'],1,True,3,000000080.jpg,000000080.jpg,/mnt/mahdipou/test/FacesInThings/images/000000080.jpg,qwen2.5vl,46100.0,,,Medium,Design,Neutral,Human-Adult,Neutral,Yes,/mnt/mahdipou/test/FacesInThings/images/000000080.jpg,Easy,Medium,Easy,Medium,True,Medium,Design,Design,Design,Design,True,Design,Happy,Neutral,Happy,Neutral,True,Neutral,Human-Adult,Human-Adult,Human-Adult,Human-Adult,True,Human-Adult,Male,Neutral,Male,Neutral,True,Neutral,Somewhat,Yes,Somewhat,Yes,True,Yes
000012086.jpg,https://raw.githubusercontent.com/3lbom/pareidolia/main/data/00001/000012086.jpg,"[[339, 133, 37, 37], [109, 205, 18, 16], [335, 223, 31, 32], [271, 245, 37, 31]]","[False, False, False, True]",Several,Hard,Accident,Neutral,Human-Adult,Male,No,Common,['Interesting'],4,True,0,000012086.jpg,000012086.jpg,,,,,,,,,,,,000012086.jpg,Hard,,Hard,,False,,Accident,,Accident,,False,,Neutral,,Neutral,,False,,Human-Adult,,Human-Adult,,False,,Male,,Male,,False,,No,,No,,False,
000005489.jpg,https://raw.githubusercontent.com/3lbom/pareidolia/main/data/00000/000005489.jpg,"[[108.499, 130.482, 183.667, 188.632]]",[True],Yes,Easy,Design,Neutral,Animal,Neutral,Somewhat,Common,['Interesting'],1,True,1,000005489.jpg,000005489.jpg,,,,,,,,,,,,000005489.jpg,Easy,,Easy,,False,,Design,,Design,,False,,Neutral,,Neutral,,False,,Animal,,Animal,,False,,Neutral,,Neutral,,False,,Somewhat,,Somewhat,,False,
000011441.jpg,https://raw.githubusercontent.com/3lbom/pareidolia/main/data/00001/000011441.jpg,"[[160, 214, 178, 181]]",[True],Yes,Easy,Design,Neutral,Animal,Neutral,No,Common,,1,True,0,000011441.jpg,000011441.jpg,,,,,,,,,,,,000011441.jpg,Easy,,Easy,,False,,Design,,Design,,False,,Neutral,,Neutral,,False,,Animal,,Animal,,False,,Neutral,,Neutral,,False,,No,,No,,False,
000004230.jpg,https://raw.githubusercontent.com/3lbom/pareidolia/main/data/00000/000004230.jpg,"[[249, 110, 137, 134]]",[True],Yes,Medium,Accident,Neutral,Other,Neutral,No,Somewhat,,1,False,0,000004230.jpg,000004230.jpg,,,,,,,,,,,,000004230.jpg,Medium,,Medium,,False,,Accident,,Accident,,False,,Neutral,,Neutral,,False,,Other,,Other,,False,,Neutral,,Neutral,,False,,No,,No,,False,
000024949.jpg,https://raw.githubusercontent.com/3lbom/pareidolia/main/data/00002/000024949.jpg,"[[127, 125, 143, 248]]",[True],Yes,Medium,Accident,Neutral,Animal,Neutral,No,Uncommon,,1,True,1,000024949.jpg,000024949.jpg,,,,,,,,,,,,000024949.jpg,Medium,,Medium,,False,,Accident,,Accident,,False,,Neutral,,Neutral,,False,,Animal,,Animal,,False,,Neutral,,Neutral,,False,,No,,No,,False,
000004169.jpg,https://raw.githubusercontent.com/3lbom/pareidolia/main/data/00000/000004169.jpg,"[[370, 330, 56, 39]]",[True],Yes,Easy,Design,Neutral,Human-Young,Female,No,Uncommon,['Interesting'],1,True,3,000004169.jpg,000004169.jpg,,,,,,,,,,,,000004169.jpg,Easy,,Easy,,False,,Design,,Design,,False,,Neutral,,Neutral,,False,,Human-Young,,Human-Young,,False,,Female,,Female,,False,,No,,No,,False,
000010837.jpg,https://raw.githubusercontent.com/3lbom/pareidolia/main/data/00001/000010837.jpg,"[[0, 203, 98, 158], [108, 202, 125, 151]]","[False, True]",Several,Easy,Design,Sad,Other,Male,No,Uncommon,['Interesting'],2,True,2,000010837.jpg,000010837.jpg,,,,,,,,,,,,000010837.jpg,Easy,,Easy,,False,,Design,,Design,,False,,Sad,,Sad,,False,,Other,,Other,,False,,Male,,Male,,False,,No,,No,,False,
000003770.jpg,https://raw.githubusercontent.com/3lbom/pareidolia/main/data/00000/000003770.jpg,"[[183, 104, 245, 279], [68, 238, 120, 108]]","[True, False]",Yes,Easy,Design,Happy,Cartoon,Neutral,Somewhat,Somewhat,,2,False,3,000003770.jpg,000003770.jpg,,,,,,,,,,,,000003770.jpg,Easy,,Easy,,False,,Design,,Design,,False,,Happy,,Happy,,False,,Cartoon,,Cartoon,,False,,Neutral,,Neutral,,False,,Somewhat,,Somewhat,,False,
000022885.jpg,https://raw.githubusercontent.com/3lbom/pareidolia/main/data/00002/000022885.jpg,"[[69, 262, 229, 163]]",[True],Yes,Easy,Design,Happy,Other,Neutral,No,Common,,1,True,0,000022885.jpg,000022885.jpg,,,,,,,,,,,,000022885.jpg,Easy,,Easy,,False,,Design,,Design,,False,,Happy,,Happy,,False,,Other,,Other,,False,,Neutral,,Neutral,,False,,No,,No,,False,
000011569.jpg,https://raw.githubusercontent.com/3lbom/pareidolia/main/data/00001/000011569.jpg,"[[116, 115, 101, 98]]",[True],Yes,Medium,Accident,Neutral,Animal,Neutral,No,Uncommon,,1,True,3,000011569.jpg,000011569.jpg,,,,,,,,,,,,000011569.jpg,Medium,,Medium,,False,,Accident,,Accident,,False,,Neutral,,Neutral,,False,,Animal,,Animal,,False,,Neutral,,Neutral,,False,,No,,No,,False,
000008975.jpg,https://raw.githubusercontent.com/3lbom/pareidolia/main/data/00000/000008975.jpg,"[[319, 155, 45, 18]]",[True],Yes,Medium,Accident,Neutral,Cartoon,Neutral,No,Common,['Interesting'],1,True,3,000008975.jpg,000008975.jpg,,,,,,,,,,,,000008975.jpg,Medium,,Medium,,False,,Accident,,Accident,,False,,Neutral,,Neutral,,False,,Cartoon,,Cartoon,,False,,Neutral,,Neutral,,False,,No,,No,,False,
000009680.jpg,https://raw.githubusercontent.com/3lbom/pareidolia/main/data/00000/000009680.jpg,"[[0, 143, 469, 236]]",[True],Yes,Easy,Accident,Neutral,Human-Young,Male,No,Common,['Interesting'],1,True,0,000009680.jpg,000009680.jpg,,,,,,,,,,,,000009680.jpg,Easy,,Easy,,False,,Accident,,Accident,,False,,Neutral,,Neutral,,False,,Human-Young,,Human-Young,,False,,Male,,Male,,False,,No,,No,,False,
000012716.jpg,https://raw.githubusercontent.com/3lbom/pareidolia/main/data/00001/000012716.jpg,"[[178, 130, 281, 287]]",[True],Yes,Easy,Design,Surprised,Human-Old,Male,No,Somewhat,,1,True,1,000012716.jpg,000012716.jpg,,,,,,,,,,,,000012716.jpg,Easy,,Easy,,False,,Design,,Design,,False,,Surprised,,Surprised,,False,,Human-Old,,Human-Old,,False,,Male,,Male,,False,,No,,No,,False,
000027879.jpg,https://raw.githubusercontent.com/3lbom/pareidolia/main/data/00002/000027879.jpg,"[[373, 130, 139, 148]]",[True],Yes,Hard,Accident,Happy,Alien,Neutral,No,Uncommon,,1,True,3,000027879.jpg,000027879.jpg,,,,,,,,,,,,000027879.jpg,Hard,,Hard,,False,,Accident,,Accident,,False,,Happy,,Happy,,False,,Alien,,Alien,,False,,Neutral,,Neutral,,False,,No,,No,,False,
000005504.jpg,https://raw.githubusercontent.com/3lbom/pareidolia/main/data/00000/000005504.jpg,"[[202.814, 142.537, 174.449, 182.25]]",[True],Yes,Easy,Design,Happy,Cartoon,Neutral,Somewhat,Common,['Interesting'],1,False,3,000005504.jpg,000005504.jpg,,,,,,,,,,,,000005504.jpg,Easy,,Easy,,False,,Design,,Design,,False,,Happy,,Happy,,False,,Cartoon,,Cartoon,,False,,Neutral,,Neutral,,False,,Somewhat,,Somewhat,,False,
000005353.jpg,https://raw.githubusercontent.com/3lbom/pareidolia/main/data/00000/000005353.jpg,"[[70.914, 120.554, 220.543, 273.019]]",[True],Yes,Hard,Accident,Disgusted,Human-Old,Male,Yes,Uncommon,['Interesting'],1,False,3,000005353.jpg,000005353.jpg,,,,,,,,,,,,000005353.jpg,Hard,,Hard,,False,,Accident,,Accident,,False,,Disgusted,,Disgusted,,False,,Human-Old,,Human-Old,,False,,Male,,Male,,False,,Yes,,Yes,,False,
000005412.jpg,https://raw.githubusercontent.com/3lbom/pareidolia/main/data/00000/000005412.jpg,"[[167.357, 209.197, 185.795, 209.196]]",[True],Yes,Hard,,Surprised,Alien,Neutral,Somewhat,Uncommon,['Interesting'],1,True,2,000005412.jpg,000005412.jpg,,,,,,,,,,,,000005412.jpg,Hard,,Hard,,False,,,,,,False,,Surprised,,Surprised,,False,,Alien,,Alien,,False,,Neutral,,Neutral,,False,,Somewhat,,Somewhat,,False,
000007255.jpg,https://raw.githubusercontent.com/3lbom/pareidolia/main/data/00000/000007255.jpg,"[[156.72, 133.319, 192.178, 165.229]]",[True],Yes,Hard,Accident,Happy,Animal,Neutral,Somewhat,Uncommon,['Interesting'],1,True,1,000007255.jpg,000007255.jpg,,,,,,,,,,,,000007255.jpg,Hard,,Hard,,False,,Accident,,Accident,,False,,Happy,,Happy,,False,,Animal,,Animal,,False,,Neutral,,Neutral,,False,,Somewhat,,Somewhat,,False,
000008459.jpg,https://raw.githubusercontent.com/3lbom/pareidolia/main/data/00000/000008459.jpg,"[[0, 54, 317, 457]]",[True],Yes,Easy,Accident,Neutral,Animal,,No,Common,['Interesting'],1,True,3,000008459.jpg,000008459.jpg,,,,,,,,,,,,000008459.jpg,Easy,,Easy,,False,,Accident,,Accident,,False,,Neutral,,Neutral,,False,,Animal,,Animal,,False,,,,,,False,,No,,No,,False,
000008489.jpg,https://raw.githubusercontent.com/3lbom/pareidolia/main/data/00000/000008489.jpg,"[[40, 201, 200, 181], [332, 133, 121, 115], [322, 304, 38, 46], [383, 324, 25, 32], [411, 322, 28, 31], [458, 313, 40, 47]]","[True, False, False, False, False, False]",Several,Easy,Design,Surprised,Other,Neutral,No,Common,,6,False,1,000008489.jpg,000008489.jpg,,,,,,,,,,,,000008489.jpg,Easy,,Easy,,False,,Design,,Design,,False,,Surprised,,Surprised,,False,,Other,,Other,,False,,Neutral,,Neutral,,False,,No,,No,,False,
000022959.jpg,https://raw.githubusercontent.com/3lbom/pareidolia/main/data/00002/000022959.jpg,"[[103, 229, 108, 92]]",[True],Yes,Medium,Accident,Neutral,Other,Neutral,No,Somewhat,,1,True,1,000022959.jpg,000022959.jpg,,,,,,,,,,,,000022959.jpg,Medium,,Medium,,False,,Accident,,Accident,,False,,Neutral,,Neutral,,False,,Other,,Other,,False,,Neutral,,Neutral,,False,,No,,No,,False,
000027169.jpg,https://raw.githubusercontent.com/3lbom/pareidolia/main/data/00002/000027169.jpg,"[[243, 124, 71, 88]]",[True],Yes,Medium,Accident,Neutral,Other,Neutral,No,Somewhat,,1,True,3,000027169.jpg,000027169.jpg,,,,,,,,,,,,000027169.jpg,Medium,,Medium,,False,,Accident,,Accident,,False,,Neutral,,Neutral,,False,,Other,,Other,,False,,Neutral,,Neutral,,False,,No,,No,,False,
000005845.jpg,https://raw.githubusercontent.com/3lbom/pareidolia/main/data/00000/000005845.jpg,"[[163.812, 165.939, 202.105, 221.252]]",[True],Yes,Medium,Accident,Surprised,Robot,Neutral,Somewhat,Common,['Interesting'],1,True,2,000005845.jpg,000005845.jpg,,,,,,,,,,,,000005845.jpg,Medium,,Medium,,False,,Accident,,Accident,,False,,Surprised,,Surprised,,False,,Robot,,Robot,,False,,Neutral,,Neutral,,False,,Somewhat,,Somewhat,,False,
000022463.jpg,https://raw.githubusercontent.com/3lbom/pareidolia/main/data/00002/000022463.jpg,"[[115, 192, 184, 171]]",[True],Yes,Easy,Design,Neutral,Cartoon,Neutral,No,Uncommon,['Interesting'],1,True,0,000022463.jpg,000022463.jpg,,,,,,,,,,,,000022463.jpg,Easy,,Easy,,False,,Design,,Design,,False,,Neutral,,Neutral,,False,,Cartoon,,Cartoon,,False,,Neutral,,Neutral,,False,,No,,No,,False,
000019358.jpg,https://raw.githubusercontent.com/3lbom/pareidolia/main/data/00001/000019358.jpg,"[[139, 159, 240, 173]]",[True],Yes,Easy,Accident,Neutral,Cartoon,Neutral,No,Common,['Interesting'],1,True,1,000019358.jpg,000019358.jpg,,,,,,,,,,,,000019358.jpg,Easy,,Easy,,False,,Accident,,Accident,,False,,Neutral,,Neutral,,False,,Cartoon,,Cartoon,,False,,Neutral,,Neutral,,False,,No,,No,,False,
000008931.jpg,https://raw.githubusercontent.com/3lbom/pareidolia/main/data/00000/000008931.jpg,"[[14, 109, 486, 289]]",[True],Yes,Medium,Accident,Surprised,Robot,Neutral,No,Uncommon,,1,True,1,000008931.jpg,000008931.jpg,,,,,,,,,,,,000008931.jpg,Medium,,Medium,,False,,Accident,,Accident,,False,,Surprised,,Surprised,,False,,Robot,,Robot,,False,,Neutral,,Neutral,,False,,No,,No,,False,
000012857.jpg,https://raw.githubusercontent.com/3lbom/pareidolia/main/data/00001/000012857.jpg,"[[205, 131, 185, 236]]",[True],Yes,Hard,Accident,Neutral,Other,Neutral,No,Uncommon,,1,True,3,000012857.jpg,000012857.jpg,,,,,,,,,,,,000012857.jpg,Hard,,Hard,,False,,Accident,,Accident,,False,,Neutral,,Neutral,,False,,Other,,Other,,False,,Neutral,,Neutral,,False,,No,,No,,False,
000016019.jpg,https://raw.githubusercontent.com/3lbom/pareidolia/main/data/00001/000016019.jpg,"[[181, 158, 133, 217]]",[True],Yes,Medium,Accident,Scared,Human-Old,Male,No,Uncommon,,1,True,2,000016019.jpg,000016019.jpg,,,,,,,,,,,,000016019.jpg,Medium,,Medium,,False,,Accident,,Accident,,False,,Scared,,Scared,,False,,Human-Old,,Human-Old,,False,,Male,,Male,,False,,No,,No,,False,
000025066.jpg,https://raw.githubusercontent.com/3lbom/pareidolia/main/data/00002/000025066.jpg,"[[94, 51, 237, 138]]",[True],Yes,Easy,Accident,Happy,Robot,Neutral,Somewhat,Uncommon,,1,True,1,000025066.jpg,000025066.jpg,,,,,,,,,,,,000025066.jpg,Easy,,Easy,,False,,Accident,,Accident,,False,,Happy,,Happy,,False,,Robot,,Robot,,False,,Neutral,,Neutral,,False,,Somewhat,,Somewhat,,False,
000006630.jpg,https://raw.githubusercontent.com/3lbom/pareidolia/main/data/00000/000006630.jpg,"[[98.571, 126.936, 163.102, 107.081]]",[True],Yes,Easy,Design,Neutral,Animal,Neutral,Somewhat,Common,,1,True,3,000006630.jpg,000006630.jpg,,,,,,,,,,,,000006630.jpg,Easy,,Easy,,False,,Design,,Design,,False,,Neutral,,Neutral,,False,,Animal,,Animal,,False,,Neutral,,Neutral,,False,,Somewhat,,Somewhat,,False,
000006712.jpg,https://raw.githubusercontent.com/3lbom/pareidolia/main/data/00000/000006712.jpg,"[[101, 223, 114, 79]]",[True],Yes,Easy,Design,Neutral,Animal,Neutral,No,Uncommon,['Interesting'],1,True,1,000006712.jpg,000006712.jpg,,,,,,,,,,,,000006712.jpg,Easy,,Easy,,False,,Design,,Design,,False,,Neutral,,Neutral,,False,,Animal,,Animal,,False,,Neutral,,Neutral,,False,,No,,No,,False,
000016825.jpg,https://raw.githubusercontent.com/3lbom/pareidolia/main/data/00001/000016825.jpg,"[[147, 145, 206, 209]]",[True],Yes,Hard,Accident,Scared,Animal,Neutral,No,Uncommon,,1,True,0,000016825.jpg,000016825.jpg,,,,,,,,,,,,000016825.jpg,Hard,,Hard,,False,,Accident,,Accident,,False,,Scared,,Scared,,False,,Animal,,Animal,,False,,Neutral,,Neutral,,False,,No,,No,,False,
000010978.jpg,https://raw.githubusercontent.com/3lbom/pareidolia/main/data/00001/000010978.jpg,"[[197, 159, 90, 70]]",[True],Yes,Easy,Design,Neutral,Animal,Neutral,No,Uncommon,['Interesting'],1,True,3,000010978.jpg,000010978.jpg,,,,,,,,,,,,000010978.jpg,Easy,,Easy,,False,,Design,,Design,,False,,Neutral,,Neutral,,False,,Animal,,Animal,,False,,Neutral,,Neutral,,False,,No,,No,,False,
000001997.jpg,https://raw.githubusercontent.com/3lbom/pareidolia/main/data/00000/000001997.jpg,"[[192, 302, 111, 64]]",[True],Yes,Medium,Design,Angry,,Neutral,No,Common,,1,True,3,000001997.jpg,000001997.jpg,,,,,,,,,,,,000001997.jpg,Medium,,Medium,,False,,Design,,Design,,False,,Angry,,Angry,,False,,,,,,False,,Neutral,,Neutral,,False,,No,,No,,False,
000006429.jpg,https://raw.githubusercontent.com/3lbom/pareidolia/main/data/00000/000006429.jpg,"[[142.537, 218.416, 253.164, 232.598]]",[True],Yes,Hard,Accident,Happy,Cartoon,Neutral,No,Common,,1,False,1,000006429.jpg,000006429.jpg,,,,,,,,,,,,000006429.jpg,Hard,,Hard,,False,,Accident,,Accident,,False,,Happy,,Happy,,False,,Cartoon,,Cartoon,,False,,Neutral,,Neutral,,False,,No,,No,,False,
000014946.jpg,https://raw.githubusercontent.com/3lbom/pareidolia/main/data/00001/000014946.jpg,"[[101, 158, 315, 275]]",[True],Yes,Medium,Accident,Neutral,Robot,Neutral,No,Uncommon,,1,True,2,000014946.jpg,000014946.jpg,,,,,,,,,,,,000014946.jpg,Medium,,Medium,,False,,Accident,,Accident,,False,,Neutral,,Neutral,,False,,Robot,,Robot,,False,,Neutral,,Neutral,,False,,No,,No,,False,
000024653.jpg,https://raw.githubusercontent.com/3lbom/pareidolia/main/data/00002/000024653.jpg,"[[130, 111, 240, 287]]",[True],Yes,Easy,Design,Happy,Animal,Neutral,Somewhat,Somewhat,,1,True,2,000024653.jpg,000024653.jpg,,,,,,,,,,,,000024653.jpg,Easy,,Easy,,False,,Design,,Design,,False,,Happy,,Happy,,False,,Animal,,Animal,,False,,Neutral,,Neutral,,False,,Somewhat,,Somewhat,,False,
000014779.jpg,https://raw.githubusercontent.com/3lbom/pareidolia/main/data/00001/000014779.jpg,"[[91, 250, 124, 83]]",[True],Yes,Easy,Accident,Other,Cartoon,Neutral,No,Common,['Interesting'],1,True,2,000014779.jpg,000014779.jpg,,,,,,,,,,,,000014779.jpg,Easy,,Easy,,False,,Accident,,Accident,,False,,Other,,Other,,False,,Cartoon,,Cartoon,,False,,Neutral,,Neutral,,False,,No,,No,,False,
000022674.jpg,https://raw.githubusercontent.com/3lbom/pareidolia/main/data/00002/000022674.jpg,"[[188, 176, 140, 136]]",[True],Yes,,Design,Happy,Other,Neutral,No,Common,,1,True,2,000022674.jpg,000022674.jpg,,,,,,,,,,,,000022674.jpg,,,,,False,,Design,,Design,,False,,Happy,,Happy,,False,,Other,,Other,,False,,Neutral,,Neutral,,False,,No,,No,,False,
000005176.jpg,https://raw.githubusercontent.com/3lbom/pareidolia/main/data/00000/000005176.jpg,"[[364, 185, 105, 90]]",[True],Yes,Medium,Accident,Angry,Animal,Neutral,Yes,Uncommon,['Interesting'],1,True,2,000005176.jpg,000005176.jpg,,,,,,,,,,,,000005176.jpg,Medium,,Medium,,False,,Accident,,Accident,,False,,Angry,,Angry,,False,,Animal,,Animal,,False,,Neutral,,Neutral,,False,,Yes,,Yes,,False,
000005403.jpg,https://raw.githubusercontent.com/3lbom/pareidolia/main/data/00000/000005403.jpg,"[[216.288, 138.992, 98.571, 119.135]]",[True],Yes,Medium,Accident,Neutral,Animal,Neutral,Somewhat,Uncommon,['Interesting'],1,True,1,000005403.jpg,000005403.jpg,,,,,,,,,,,,000005403.jpg,Medium,,Medium,,False,,Accident,,Accident,,False,,Neutral,,Neutral,,False,,Animal,,Animal,,False,,Neutral,,Neutral,,False,,Somewhat,,Somewhat,,False,
000005966.jpg,https://raw.githubusercontent.com/3lbom/pareidolia/main/data/00000/000005966.jpg,"[[187.922, 119.136, 242.527, 251.036]]",[True],Yes,Easy,Design,Neutral,Animal,Neutral,No,Common,,1,False,0,000005966.jpg,000005966.jpg,,,,,,,,,,,,000005966.jpg,Easy,,Easy,,False,,Design,,Design,,False,,Neutral,,Neutral,,False,,Animal,,Animal,,False,,Neutral,,Neutral,,False,,No,,No,,False,
000013283.jpg,https://raw.githubusercontent.com/3lbom/pareidolia/main/data/00001/000013283.jpg,"[[245, 189, 66, 97]]",[True],Yes,Hard,Accident,Neutral,Human-Old,Neutral,No,Uncommon,,1,True,2,000013283.jpg,000013283.jpg,,,,,,,,,,,,000013283.jpg,Hard,,Hard,,False,,Accident,,Accident,,False,,Neutral,,Neutral,,False,,Human-Old,,Human-Old,,False,,Neutral,,Neutral,,False,,No,,No,,False,
000016859.jpg,https://raw.githubusercontent.com/3lbom/pareidolia/main/data/00001/000016859.jpg,"[[353, 125, 41, 85]]",[True],Yes,Easy,Accident,Neutral,Other,Neutral,No,Common,,1,False,1,000016859.jpg,000016859.jpg,,,,,,,,,,,,000016859.jpg,Easy,,Easy,,False,,Accident,,Accident,,False,,Neutral,,Neutral,,False,,Other,,Other,,False,,Neutral,,Neutral,,False,,No,,No,,False,
000024630.jpg,https://raw.githubusercontent.com/3lbom/pareidolia/main/data/00002/000024630.jpg,"[[169, 187, 160, 184]]",[True],Yes,,Design,Happy,Animal,Neutral,No,Common,,1,False,2,000024630.jpg,000024630.jpg,,,,,,,,,,,,000024630.jpg,,,,,False,,Design,,Design,,False,,Happy,,Happy,,False,,Animal,,Animal,,False,,Neutral,,Neutral,,False,,No,,No,,False,
000000752.jpg,https://raw.githubusercontent.com/3lbom/pareidolia/main/data/00000/000000752.jpg,"[[188, 210, 100, 199]]",[True],Yes,Easy,Design,Neutral,Animal,Neutral,No,Uncommon,['Interesting'],1,True,0,000000752.jpg,000000752.jpg,/mnt/mahdipou/test/FacesInThings/images/000000752.jpg,qwen2.5vl,50595.0,,,Medium,Design,Neutral,Cartoon,Neutral,Yes,/mnt/mahdipou/test/FacesInThings/images/000000752.jpg,Easy,Medium,Easy,Medium,True,Medium,Design,Design,Design,Design,True,Design,Neutral,Neutral,Neutral,Neutral,True,Neutral,Animal,Cartoon,Animal,Cartoon,True,Cartoon,Neutral,Neutral,Neutral,Neutral,True,Neutral,No,Yes,No,Yes,True,Yes
000021074.jpg,https://raw.githubusercontent.com/3lbom/pareidolia/main/data/00002/000021074.jpg,"[[55, 100, 400, 301]]",[True],Yes,Medium,Design,Happy,Cartoon,Neutral,Yes,Somewhat,,1,True,3,000021074.jpg,000021074.jpg,,,,,,,,,,,,000021074.jpg,Medium,,Medium,,False,,Design,,Design,,False,,Happy,,Happy,,False,,Cartoon,,Cartoon,,False,,Neutral,,Neutral,,False,,Yes,,Yes,,False,
000013571.jpg,https://raw.githubusercontent.com/3lbom/pareidolia/main/data/00001/000013571.jpg,"[[295, 224, 144, 153]]",[True],Yes,Hard,Accident,Neutral,Animal,Neutral,Somewhat,Uncommon,,1,False,2,000013571.jpg,000013571.jpg,,,,,,,,,,,,000013571.jpg,Hard,,Hard,,False,,Accident,,Accident,,False,,Neutral,,Neutral,,False,,Animal,,Animal,,False,,Neutral,,Neutral,,False,,Somewhat,,Somewhat,,False,
000019108.jpg,https://raw.githubusercontent.com/3lbom/pareidolia/main/data/00001/000019108.jpg,"[[191, 178, 183, 156]]",[True],Yes,Hard,Accident,Surprised,Animal,Neutral,No,Uncommon,,1,False,2,000019108.jpg,000019108.jpg,,,,,,,,,,,,000019108.jpg,Hard,,Hard,,False,,Accident,,Accident,,False,,Surprised,,Surprised,,False,,Animal,,Animal,,False,,Neutral,,Neutral,,False,,No,,No,,False,
000009827.jpg,https://raw.githubusercontent.com/3lbom/pareidolia/main/data/00000/000009827.jpg,"[[34, 175, 171, 157], [298, 219, 186, 165]]","[True, False]",Several,Medium,Design,Happy,Other,Neutral,No,Common,,2,True,0,000009827.jpg,000009827.jpg,,,,,,,,,,,,000009827.jpg,Medium,,Medium,,False,,Design,,Design,,False,,Happy,,Happy,,False,,Other,,Other,,False,,Neutral,,Neutral,,False,,No,,No,,False,
000011644.jpg,https://raw.githubusercontent.com/3lbom/pareidolia/main/data/00001/000011644.jpg,"[[178, 142, 154, 141]]",[True],Yes,Easy,Design,Happy,Cartoon,Neutral,No,Uncommon,['Interesting'],1,True,0,000011644.jpg,000011644.jpg,,,,,,,,,,,,000011644.jpg,Easy,,Easy,,False,,Design,,Design,,False,,Happy,,Happy,,False,,Cartoon,,Cartoon,,False,,Neutral,,Neutral,,False,,No,,No,,False,
000017112.jpg,https://raw.githubusercontent.com/3lbom/pareidolia/main/data/00001/000017112.jpg,"[[147, 107, 229, 300]]",[True],Yes,Medium,Design,Neutral,Other,Neutral,No,Common,,1,True,3,000017112.jpg,000017112.jpg,,,,,,,,,,,,000017112.jpg,Medium,,Medium,,False,,Design,,Design,,False,,Neutral,,Neutral,,False,,Other,,Other,,False,,Neutral,,Neutral,,False,,No,,No,,False,
000006187.jpg,https://raw.githubusercontent.com/3lbom/pareidolia/main/data/00000/000006187.jpg,"[[232.598, 122.681, 165.23, 281.53]]",[True],Yes,Easy,Design,Happy,Human-Adult,Male,Somewhat,Common,,1,True,0,000006187.jpg,000006187.jpg,,,,,,,,,,,,000006187.jpg,Easy,,Easy,,False,,Design,,Design,,False,,Happy,,Happy,,False,,Human-Adult,,Human-Adult,,False,,Male,,Male,,False,,Somewhat,,Somewhat,,False,
000013741.jpg,https://raw.githubusercontent.com/3lbom/pareidolia/main/data/00001/000013741.jpg,"[[181, 194, 87, 72], [273, 179, 65, 62], [103, 140, 45, 49], [23, 166, 55, 46]]","[True, False, False, False]",Yes,Medium,Accident,Neutral,Other,Neutral,No,Common,,4,False,0,000013741.jpg,000013741.jpg,,,,,,,,,,,,000013741.jpg,Medium,,Medium,,False,,Accident,,Accident,,False,,Neutral,,Neutral,,False,,Other,,Other,,False,,Neutral,,Neutral,,False,,No,,No,,False,
